{"id": 312, "parents": [264], "fitnesses": {"brightness": 100.0}, "descriptors": {"distance": 3.395304180632573, "avg_speed": 0.27503741135490284}, "genome": {"brain": {"nodes": [], "links": [[0, 0, 9, -0.8184727430343628], [1, 0, 10, 0.3103002905845642], [3, 2, 10, 0.9377269744873047], [4, 3, 8, 0.12535271048545837], [5, 4, 10, 0.9316892027854919], [6, 5, 8, -0.12542559206485748], [8, 5, 10, -0.6043839454650879], [9, 6, 8, 0.24538211524486542], [10, 7, 8, -0.5898024439811707], [11, 7, 10, -0.9499979019165039], [12, 6, 9, -0.5120298862457275], [13, 2, 8, 0.3181150555610657]], "NID": 0, "LID": 14, "_id": 312, "_parents": [264]}, "vision": {"w": 2, "h": 2}}}