{"id": 65, "parents": [44], "fitnesses": {"closeness": 71.05670416257894}, "descriptors": {"distance": 2.6082835717702535, "white_gazing": 0.2562814070351759}, "genome": {"brain": {"nodes": [], "links": [[0, 0, 8, 0.3433277904987335], [1, 0, 9, -0.5344356298446655], [2, 0, 10, -0.20603469014167786], [3, 1, 9, -0.6458973288536072], [4, 1, 10, -1.0027512311935425], [5, 2, 9, 0.8131399154663086], [6, 3, 8, -0.8584101796150208], [7, 3, 10, -0.33319783210754395], [8, 6, 9, 0.7911162376403809], [9, 7, 9, -0.9024195075035095], [10, 7, 10, -0.9283490180969238]], "NID": 0, "LID": 11, "_id": 65, "_parents": [44]}, "vision": {"w": 2, "h": 2}}}