{"id": 80, "parents": [44], "fitnesses": {"closeness": 67.11328021517313}, "descriptors": {"distance": 2.602372882211877, "white_gazing": 0.20100502512562812}, "genome": {"brain": {"nodes": [[11, "bsgm"]], "links": [[0, 0, 8, 0.33501628041267395], [1, 0, 9, -0.5344356298446655], [2, 0, 10, -0.20603469014167786], [3, 1, 9, -0.6458973288536072], [4, 1, 10, -1.0027512311935425], [5, 2, 9, 0.8131399154663086], [7, 3, 10, -0.33319783210754395], [8, 6, 9, 0.7911162376403809], [9, 7, 9, -0.9024195075035095], [10, 7, 10, -0.9283490180969238], [11, 3, 11, 1.0], [12, 11, 8, -0.8584101796150208]], "NID": 1, "LID": 13, "_id": 80, "_parents": [44]}, "vision": {"w": 2, "h": 2}}}