{"id": 274, "parents": [136], "fitnesses": {"closeness": 62.4334541705075}, "descriptors": {"distance": 3.024663344707719, "white_gazing": 0.24623115577889448}, "genome": {"brain": {"nodes": [], "links": [[0, 0, 9, -0.8184727430343628], [1, 0, 10, 0.3103002905845642], [2, 1, 10, 0.4416286051273346], [3, 2, 10, 0.9377269744873047], [4, 3, 8, 0.12535271048545837], [5, 4, 10, 0.9316892027854919], [6, 5, 8, -0.16256652772426605], [7, 5, 9, 0.4359135031700134], [8, 5, 10, -0.6043839454650879], [9, 6, 8, 0.24538211524486542], [10, 7, 8, -0.5996596813201904], [11, 7, 10, -0.9499979019165039]], "NID": 0, "LID": 12, "_id": 274, "_parents": [136]}, "vision": {"w": 2, "h": 2}}}