id,parents,fitnesses,descriptors,genome
121199,[90109],25.257761437908492,"{'edges': 32.0, 'z_peaks_avg': 0.09009858872094727}","{'nodes': [(11, 'gaus'), (12, 'id')], 'links': [(0, 0, 9, -0.8184727430343628), (1, 0, 10, 0.3103002905845642), (2, 1, 10, 0.428292840719223), (3, 2, 10, 0.9439059495925903), (5, 4, 10, 0.9316892027854919), (6, 5, 8, -0.1529272049665451), (8, 5, 10, -0.6043839454650879), (10, 7, 8, -0.5898024439811707), (11, 7, 10, -0.9499979019165039), (12, 6, 11, 1.0), (13, 11, 8, 0.24425697326660156), (14, 3, 12, 0.9994181394577026), (15, 12, 8, 0.12736403942108154), (16, 6, 8, 0.4014715254306793), (17, 6, 10, -0.3831087648868561)], 'NID': 2, 'LID': 18, '_id': 121199, '_parents': [90109]}"
128956,[91754],26.477124183006534,"{'edges': 32.0, 'z_peaks_avg': 0.08672613140489975}","{'nodes': [(11, 'gaus'), (12, 'id')], 'links': [(0, 0, 9, -0.8184727430343628), (1, 0, 10, 0.3103002905845642), (2, 1, 10, 0.428292840719223), (3, 2, 10, 0.9377269744873047), (5, 4, 10, 0.9316892027854919), (6, 5, 8, -0.1529272049665451), (8, 5, 10, -0.6043839454650879), (10, 7, 8, -0.5898024439811707), (11, 7, 10, -0.9499979019165039), (12, 6, 11, 1.0), (13, 11, 8, 0.2608990967273712), (14, 3, 12, 1.0033820867538452), (15, 12, 8, 0.12736403942108154), (16, 6, 8, 0.4014715254306793)], 'NID': 2, 'LID': 17, '_id': 128956, '_parents': [91754]}"
