id,parents,fitnesses,descriptors,genome
10840,[2171],23.54248366013072,"{'edges': 37.0, 'z_peaks_avg': 0.0731505975401118}","{'nodes': [(11, 'gaus'), (12, 'bsgm')], 'links': [(0, 0, 8, -0.4571857452392578), (1, 0, 9, -0.39106741547584534), (2, 1, 10, -0.9805191159248352), (4, 3, 10, 0.34763655066490173), (5, 4, 8, 0.4564163386821747), (7, 4, 10, 0.23527593910694122), (8, 5, 8, 0.6014980673789978), (13, 7, 9, 0.6848926544189453), (14, 5, 11, 1.0), (15, 11, 9, 0.7818278670310974), (16, 1, 8, -0.7155986428260803), (17, 6, 9, -0.9264326691627502), (18, 7, 12, 1.0), (19, 12, 8, -0.565265417098999)], 'NID': 2, 'LID': 20, '_id': 10840, '_parents': [2171]}"
28558,[1376],19.942810457516337,"{'edges': 90.0, 'z_peaks_avg': 0.04866636751695228}","{'nodes': [(11, 'gaus')], 'links': [(0, 0, 8, -0.4571857452392578), (2, 1, 10, -0.9528948664665222), (4, 3, 10, 0.34763655066490173), (5, 4, 8, 0.4467180669307709), (6, 4, 9, 0.9530280232429504), (7, 4, 10, 0.23527593910694122), (8, 5, 8, 0.6027953624725342), (11, 6, 10, -0.23967649042606354), (12, 7, 8, -0.565265417098999), (14, 5, 11, 1.0), (15, 11, 9, 0.7818278670310974), (16, 11, 8, 0.48352763056755066), (17, 0, 11, 0.08865717053413391), (18, 2, 8, -0.9975016713142395)], 'NID': 1, 'LID': 19, '_id': 28558, '_parents': [1376]}"
154175,[13498],20.473856209150327,"{'edges': 74.66666666666667, 'z_peaks_avg': 0.041681186761820664}","{'nodes': [(11, 'gaus')], 'links': [(0, 0, 8, -0.4683527648448944), (1, 0, 9, -0.39106741547584534), (2, 1, 10, -0.9805191159248352), (4, 3, 10, 0.34763655066490173), (5, 4, 8, 0.45992448925971985), (6, 4, 9, 0.9530280232429504), (7, 4, 10, 0.23527593910694122), (8, 5, 8, 0.6061050295829773), (11, 6, 10, -0.20553863048553467), (12, 7, 8, -0.565265417098999), (13, 7, 9, 0.6848926544189453), (14, 5, 11, 1.0), (15, 11, 9, 0.7818278670310974), (16, 11, 8, 0.48909860849380493), (17, 0, 11, 0.08865717053413391)], 'NID': 1, 'LID': 18, '_id': 154175, '_parents': [13498]}"
