{"id": 525, "parents": [517], "fitnesses": {"closeness": 88.52627052879757}, "descriptors": {"distance": 3.788001343829874, "white_gazing": 0.19597989949748745}, "genome": {"brain": {"nodes": [], "links": [[0, 0, 9, -0.8184727430343628], [1, 0, 10, 0.3103002905845642], [2, 1, 10, 0.4416286051273346], [3, 2, 10, 0.9377269744873047], [4, 3, 8, 0.12963202595710754], [5, 4, 10, 0.9316892027854919], [6, 5, 8, -0.1529272049665451], [7, 5, 9, 0.4359135031700134], [8, 5, 10, -0.6043839454650879], [9, 6, 8, 0.2540862560272217], [10, 7, 8, -0.5893999934196472], [11, 7, 10, -0.9499979019165039], [12, 6, 10, 0.35094714164733887]], "NID": 0, "LID": 13, "_id": 525, "_parents": [517]}, "vision": {"w": 2, "h": 2}}}