{"id": 783, "parents": [264], "fitnesses": {"closeness": 77.31104953172414}, "descriptors": {"distance": 2.955660862718882, "max_velocity": 0.7608988574610192}, "genome": {"brain": {"nodes": [], "links": [[0, 0, 8, 0.3467312455177307], [1, 0, 9, -0.5344356298446655], [2, 0, 10, -0.20603469014167786], [3, 1, 9, -0.6458973288536072], [4, 1, 10, -1.0027512311935425], [5, 2, 9, 0.8131399154663086], [6, 3, 8, -0.8508790135383606], [7, 3, 10, -0.33319783210754395], [8, 6, 9, 0.7911162376403809], [9, 7, 9, -0.9024195075035095], [10, 7, 10, -0.9283490180969238], [11, 2, 8, 0.8829565048217773]], "NID": 0, "LID": 12, "_id": 783, "_parents": [264]}, "vision": {"w": 2, "h": 2}}}