{"id": 252, "parents": [32], "fitnesses": {"closeness": 78.48353881605539}, "descriptors": {"distance": 2.9854983978357, "max_velocity": 0.9563663980872956}, "genome": {"brain": {"nodes": [], "links": [[0, 0, 8, 0.33501628041267395], [1, 0, 9, -0.5344356298446655], [2, 0, 10, -0.19979023933410645], [3, 1, 9, -0.6458973288536072], [4, 1, 10, -1.0027512311935425], [5, 2, 9, 0.8131399154663086], [6, 3, 8, -0.8571075797080994], [7, 3, 10, -0.33319783210754395], [8, 6, 9, 0.7911162376403809], [9, 7, 9, -0.9024195075035095], [10, 7, 10, -0.9283490180969238], [11, 2, 8, 0.8829565048217773]], "NID": 0, "LID": 12, "_id": 252, "_parents": [32]}, "vision": {"w": 2, "h": 2}}}