{"id": 522, "parents": [482], "fitnesses": {"closeness": 80.93049715398237}, "descriptors": {"distance": 3.3062731219508477, "max_velocity": 0.9125385272193777}, "genome": {"brain": {"nodes": [], "links": [[0, 0, 8, 0.35162174701690674], [1, 0, 9, -0.5344356298446655], [2, 0, 10, -0.20603469014167786], [3, 1, 9, -0.6458973288536072], [4, 1, 10, -1.0027512311935425], [5, 2, 9, 0.8131399154663086], [7, 3, 10, -0.33319783210754395], [8, 6, 9, 0.7911162376403809], [9, 7, 9, -0.9024195075035095], [10, 7, 10, -0.9283490180969238], [11, 2, 8, 0.8918729424476624], [12, 2, 10, 0.8400101661682129]], "NID": 0, "LID": 13, "_id": 522, "_parents": [482]}, "vision": {"w": 2, "h": 2}}}