{"id": 976, "parents": [858], "fitnesses": {"closeness": 84.24458689345784}, "descriptors": {"distance": 3.184371759442073, "max_velocity": 1.1230641319831483}, "genome": {"brain": {"nodes": [], "links": [[0, 0, 8, 0.32731422781944275], [1, 0, 9, -0.5344356298446655], [2, 0, 10, -0.20603469014167786], [3, 1, 9, -0.6458973288536072], [4, 1, 10, -1.0027512311935425], [5, 2, 9, 0.8131399154663086], [6, 3, 8, -0.8508790135383606], [7, 3, 10, -0.33319783210754395], [8, 6, 9, 0.7911162376403809], [9, 7, 9, -0.9024195075035095], [10, 7, 10, -0.9219149947166443], [11, 2, 8, 0.8829565048217773]], "NID": 0, "LID": 12, "_id": 976, "_parents": [858]}, "vision": {"w": 2, "h": 2}}}