{"id": 863, "parents": [522], "fitnesses": {"closeness": 63.26490058300615}, "descriptors": {"distance": 2.495308542258343, "max_velocity": 0.71002641327662}, "genome": {"brain": {"nodes": [], "links": [[0, 0, 8, 0.34675514698028564], [1, 0, 9, -0.5344356298446655], [2, 0, 10, -0.20603469014167786], [3, 1, 9, -0.6458973288536072], [4, 1, 10, -1.0027512311935425], [5, 2, 9, 0.8131399154663086], [7, 3, 10, -0.33319783210754395], [8, 6, 9, 0.7911162376403809], [9, 7, 9, -0.9024195075035095], [10, 7, 10, -0.9283490180969238], [11, 2, 8, 0.8918729424476624], [12, 2, 10, 0.8400101661682129]], "NID": 0, "LID": 13, "_id": 863, "_parents": [522]}, "vision": {"w": 2, "h": 2}}}