{"id": 782, "parents": [728], "fitnesses": {"closeness": 88.59484183190428}, "descriptors": {"distance": 3.5460559594370107, "max_velocity": 0.7961468412631338}, "genome": {"brain": {"nodes": [], "links": [[0, 0, 8, 0.3283640742301941], [1, 0, 9, -0.5344356298446655], [2, 0, 10, -0.20603469014167786], [3, 1, 9, -0.6458973288536072], [4, 1, 10, -0.9915103912353516], [5, 2, 9, 0.8131399154663086], [7, 3, 10, -0.33319783210754395], [8, 6, 9, 0.7911162376403809], [9, 7, 9, -0.9024195075035095], [10, 7, 10, -0.9356012940406799], [11, 2, 8, 0.8918729424476624], [12, 2, 10, 0.8400101661682129]], "NID": 0, "LID": 13, "_id": 782, "_parents": [728]}, "vision": {"w": 2, "h": 2}}}