{"id": 2190, "parents": [2173], "fitnesses": {"brightness": 100.0}, "descriptors": {"distance": 3.3320428501894592, "white_gazing": 0.25}, "genome": {"brain": {"nodes": [[11, "step"], [12, "abs"]], "links": [[0, 0, 8, 0.34378647804260254], [1, 0, 9, -0.5344356298446655], [3, 1, 9, -0.6458973288536072], [4, 1, 10, -1.0130337476730347], [5, 2, 9, 0.8131399154663086], [7, 3, 10, -0.33319783210754395], [8, 6, 9, 0.7911162376403809], [9, 7, 9, -0.9024195075035095], [10, 7, 10, -0.9305044412612915], [12, 6, 11, 1.0], [13, 11, 10, 0.7909212708473206], [14, 0, 12, 1.0], [15, 12, 10, -0.21212957799434662]], "NID": 2, "LID": 16, "_id": 2190, "_parents": [2173]}, "vision": {"w": 2, "h": 2}}}