{"id": 2484, "parents": [2013], "fitnesses": {"brightness": 100.0}, "descriptors": {"distance": 3.920182814171084, "white_gazing": 0}, "genome": {"brain": {"nodes": [[11, "gaus"], [12, "bsgm"]], "links": [[0, 0, 8, 0.324305921792984], [1, 0, 9, -0.5344356298446655], [2, 0, 10, -0.21427424252033234], [3, 1, 9, -0.6458973288536072], [7, 3, 10, -0.33319783210754395], [8, 6, 9, 0.7911162376403809], [9, 7, 9, -0.9024195075035095], [10, 7, 10, -0.9305044412612915], [12, 6, 11, 1.0], [13, 11, 10, 0.7886695265769958], [14, 1, 12, 0.9913830161094666], [15, 12, 10, -1.0003082752227783]], "NID": 2, "LID": 17, "_id": 2484, "_parents": [2013]}, "vision": {"w": 2, "h": 2}}}