{"id": 2322, "parents": [1914], "fitnesses": {"brightness": 94.57516339869281}, "descriptors": {"distance": 3.447917272459859, "white_gazing": 0.75}, "genome": {"brain": {"nodes": [[11, "gaus"], [12, "bsgm"]], "links": [[0, 0, 8, 0.324340283870697], [1, 0, 9, -0.5344356298446655], [2, 0, 10, -0.22278009355068207], [3, 1, 9, -0.6458973288536072], [7, 3, 10, -0.33319783210754395], [8, 6, 9, 0.7911162376403809], [9, 7, 9, -0.9024195075035095], [10, 7, 10, -0.9305044412612915], [12, 6, 11, 0.9905111789703369], [13, 11, 10, 0.7886695265769958], [14, 1, 12, 0.9913830161094666], [15, 12, 10, -1.001401662826538], [16, 11, 12, -0.5390113592147827]], "NID": 2, "LID": 17, "_id": 2322, "_parents": [1914]}, "vision": {"w": 2, "h": 2}}}