{"id": 2754, "parents": [1463], "fitnesses": {"brightness": 100.0}, "descriptors": {"distance": 3.6498857743706568, "white_gazing": 0.25}, "genome": {"brain": {"nodes": [[11, "gaus"], [12, "abs"]], "links": [[0, 0, 8, 0.3372402489185333], [1, 0, 9, -0.5344356298446655], [2, 0, 10, -0.21427424252033234], [3, 1, 9, -0.6458973288536072], [7, 3, 10, -0.33319783210754395], [8, 6, 9, 0.7911162376403809], [9, 7, 9, -0.9024195075035095], [10, 7, 10, -0.9305044412612915], [12, 6, 11, 1.0106991529464722], [13, 11, 10, 0.7965579032897949], [14, 1, 12, 1.0], [15, 12, 10, -1.001401662826538]], "NID": 2, "LID": 16, "_id": 2754, "_parents": [1463]}, "vision": {"w": 2, "h": 2}}}