{"id": 4247, "parents": [3155], "fitnesses": {"brightness": 100.0}, "descriptors": {"distance": 3.706085162109921, "white_gazing": 0.5}, "genome": {"brain": {"nodes": [[11, "sin"], [12, "bsgm"]], "links": [[0, 0, 8, 0.324340283870697], [1, 0, 9, -0.5344356298446655], [2, 0, 10, -0.21427424252033234], [3, 1, 9, -0.6458973288536072], [7, 3, 10, -0.33319783210754395], [8, 6, 9, 0.7911162376403809], [9, 7, 9, -0.9024195075035095], [10, 7, 10, -0.9305044412612915], [12, 6, 11, 0.9952687621116638], [13, 11, 10, 0.7965579032897949], [14, 1, 12, 0.9849853515625], [15, 12, 10, -1.001401662826538]], "NID": 2, "LID": 16, "_id": 4247, "_parents": [3155]}, "vision": {"w": 2, "h": 2}}}