id,parents,fitnesses,descriptors,genome
40,[6],20.508169934640524,"{'complexity': 24.5, 'max_density_z_coord': 0.04}","{'nodes': [], 'links': [(0, 0, 8, -0.9621158838272095), (2, 1, 10, -0.8945522904396057), (3, 2, 8, -0.29984328150749207), (4, 2, 9, 0.42464327812194824), (5, 2, 10, -0.4242671728134155), (7, 3, 10, -0.1321585774421692), (8, 4, 8, -0.4611307680606842), (9, 4, 9, 0.43776336312294006), (10, 5, 10, -0.1454416811466217)], 'NID': 0, 'LID': 11, '_id': 40, '_parents': [6]}"
89,[79],20.805555555555557,"{'complexity': 32.5, 'max_density_z_coord': 0.04}","{'nodes': [], 'links': [(0, 0, 8, -0.9621158838272095), (2, 1, 10, -0.9054223895072937), (3, 2, 8, -0.29984328150749207), (4, 2, 9, 0.42464327812194824), (5, 2, 10, -0.4220345616340637), (6, 3, 9, -0.38219574093818665), (7, 3, 10, -0.1321585774421692), (8, 4, 8, -0.4611307680606842), (9, 4, 9, 0.43776336312294006), (10, 5, 10, -0.1454416811466217)], 'NID': 0, 'LID': 11, '_id': 89, '_parents': [79]}"
