id,parents,fitnesses,descriptors,genome
55,[7],18.725490196078432,"{'complexity': 4.75, 'max_density_z_coord': 0.04}","{'nodes': [(11, 'bsgm')], 'links': [(0, 0, 8, 0.12535271048545837), (1, 1, 10, 0.9316892027854919), (2, 2, 8, -0.1529272049665451), (3, 2, 9, 0.4359135031700134), (4, 2, 10, -0.6043839454650879), (5, 3, 8, 0.2722729742527008), (6, 4, 8, -0.5995924472808838), (7, 4, 10, -0.9413126111030579), (8, 5, 8, -0.7784891724586487), (10, 7, 9, -0.052837733179330826), (11, 7, 10, -0.38140779733657837), (12, 6, 11, 1.0), (13, 11, 10, 0.6710235476493835), (14, 3, 10, -0.9591658115386963), (15, 11, 8, -0.5531983375549316)], 'NID': 1, 'LID': 16, '_id': 55, '_parents': [7]}"
