id,parents,fitnesses,descriptors,genome
93,[76],17.77777777777778,"{'complexity': 19.0, 'max_density_z_coord': 0.08201803592051797}","{'nodes': [], 'links': [(0, 0, 8, -0.09014599025249481), (1, 1, 9, 0.6000409126281738), (2, 2, 8, -0.08810823410749435), (3, 2, 9, 0.8835349082946777), (4, 3, 8, -0.38118815422058105), (5, 3, 10, -0.6430784463882446), (6, 4, 8, -0.30933406949043274), (7, 5, 8, 0.9122012853622437), (9, 6, 10, -0.9939051270484924), (10, 7, 8, 0.5470014214515686), (11, 7, 10, 0.682349443435669), (14, 6, 9, 0.29708582162857056), (15, 3, 9, -0.8420201539993286)], 'NID': 1, 'LID': 16, '_id': 93, '_parents': [76]}"
