id,parents,fitnesses,descriptors,genome
130,[116],18.741830065359476,"{'complexity': 12.0, 'max_density_z_coord': 0.07903556548863926}","{'nodes': [], 'links': [(0, 0, 9, 0.818740725517273), (1, 0, 10, 0.276402086019516), (2, 1, 8, 0.8525729775428772), (3, 1, 9, 0.195266991853714), (4, 1, 10, 0.8982488512992859), (5, 2, 8, 0.4528535008430481), (6, 2, 9, -0.5150722861289978), (7, 2, 10, 0.27453556656837463), (8, 3, 9, -0.7282021641731262), (9, 3, 10, -0.7556992769241333), (10, 4, 9, -0.07993383705615997), (11, 5, 10, 0.1875171661376953), (12, 6, 8, 0.46596670150756836), (13, 6, 9, -0.3907579779624939), (14, 6, 10, 0.9271273612976074), (15, 7, 8, -0.9312790632247925), (16, 4, 10, 0.8361794948577881)], 'NID': 0, 'LID': 17, '_id': 130, '_parents': [116]}"
131,[116],17.947712418300654,"{'complexity': 12.0, 'max_density_z_coord': 0.09364302635540622}","{'nodes': [], 'links': [(0, 0, 9, 0.818740725517273), (1, 0, 10, 0.276402086019516), (2, 1, 8, 0.8554793000221252), (3, 1, 9, 0.195266991853714), (4, 1, 10, 0.8982488512992859), (5, 2, 8, 0.4528535008430481), (6, 2, 9, -0.5150722861289978), (7, 2, 10, 0.27453556656837463), (8, 3, 9, -0.7282021641731262), (9, 3, 10, -0.7556992769241333), (10, 4, 9, -0.07993383705615997), (11, 5, 10, 0.1875171661376953), (12, 6, 8, 0.46596670150756836), (13, 6, 9, -0.3907579779624939), (14, 6, 10, 0.9104823470115662), (15, 7, 8, -0.9312790632247925), (16, 4, 10, 0.8361794948577881)], 'NID': 0, 'LID': 17, '_id': 131, '_parents': [116]}"
167,[155],17.412581699346404,"{'complexity': 12.75, 'max_density_z_coord': 0.055222919577654885}","{'nodes': [], 'links': [(1, 0, 10, 0.276402086019516), (2, 1, 8, 0.8554793000221252), (3, 1, 9, 0.195266991853714), (4, 1, 10, 0.8982488512992859), (5, 2, 8, 0.4528535008430481), (6, 2, 9, -0.5150722861289978), (7, 2, 10, 0.27453556656837463), (8, 3, 9, -0.7282021641731262), (9, 3, 10, -0.7556992769241333), (10, 4, 9, -0.07993383705615997), (11, 5, 10, 0.1875171661376953), (12, 6, 8, 0.44687703251838684), (13, 6, 9, -0.37604638934135437), (14, 6, 10, 0.9271273612976074), (15, 7, 8, -0.9312790632247925), (16, 4, 10, 0.8361794948577881), (17, 7, 9, 0.19992730021476746)], 'NID': 0, 'LID': 18, '_id': 167, '_parents': [155]}"
