id,parents,fitnesses,descriptors,genome
68,[23],19.133986928104576,"{'complexity': 27.5, 'max_density_z_coord': 0.08621144386695684}","{'nodes': [(11, 'sin')], 'links': [(0, 0, 10, -0.6228938698768616), (1, 1, 10, -0.5163391828536987), (2, 2, 8, 0.5255500078201294), (3, 3, 8, -0.7611649036407471), (4, 3, 10, 0.354776531457901), (5, 4, 9, 0.2195587158203125), (6, 5, 8, 0.15381202101707458), (7, 5, 9, -0.6101261377334595), (8, 6, 8, 0.46513256430625916), (9, 6, 10, 0.35117337107658386), (11, 7, 11, 1.0), (12, 11, 10, -0.9099400043487549)], 'NID': 1, 'LID': 13, '_id': 68, '_parents': [23]}"
140,[106],18.148692810457515,"{'complexity': 28.75, 'max_density_z_coord': 0.06895126637913007}","{'nodes': [(11, 'abs')], 'links': [(0, 0, 10, -0.6228938698768616), (1, 1, 10, -0.5163391828536987), (2, 2, 8, 0.5255500078201294), (3, 3, 8, -0.7626690864562988), (4, 3, 10, 0.354776531457901), (5, 4, 9, 0.2195587158203125), (6, 5, 8, 0.15381202101707458), (8, 6, 8, 0.46513256430625916), (9, 6, 10, 0.35117337107658386), (11, 7, 11, 1.0), (12, 11, 10, -0.9099400043487549)], 'NID': 1, 'LID': 13, '_id': 140, '_parents': [106]}"
