id,parents,fitnesses,descriptors,genome
162,[53],18.14093137254902,"{'complexity': 40.0, 'max_density_z_coord': 0.08914394980325353}","{'nodes': [(11, 'bsgm')], 'links': [(0, 0, 10, -0.8761135935783386), (1, 1, 8, -0.40020081400871277), (2, 1, 9, -0.5204066038131714), (3, 2, 9, 0.7758034467697144), (4, 3, 9, -0.8835614323616028), (5, 4, 8, -0.8908283114433289), (6, 4, 9, 0.391960084438324), (8, 7, 8, -0.09006502479314804), (10, 7, 11, 1.0), (11, 11, 10, 0.632755696773529), (12, 1, 10, 0.8728336095809937), (13, 2, 11, -0.10995303839445114)], 'NID': 1, 'LID': 14, '_id': 162, '_parents': [53]}"
174,[125],17.27777777777778,"{'complexity': 35.5, 'max_density_z_coord': 0.07686648326843191}","{'nodes': [(11, 'bsgm')], 'links': [(0, 0, 10, -0.8761135935783386), (1, 1, 8, -0.40020081400871277), (2, 1, 9, -0.5204066038131714), (3, 2, 9, 0.7758034467697144), (4, 3, 9, -0.8835614323616028), (5, 4, 8, -0.8908283114433289), (6, 4, 9, 0.391960084438324), (8, 7, 8, -0.08862069249153137), (10, 7, 11, 1.0), (11, 11, 10, 0.632755696773529), (12, 1, 10, 0.8683620691299438), (13, 2, 11, -0.10995303839445114), (14, 3, 8, -0.5840678215026855)], 'NID': 1, 'LID': 15, '_id': 174, '_parents': [125]}"
187,[53],17.146650326797385,"{'complexity': 34.0, 'max_density_z_coord': 0.0885576318872467}","{'nodes': [(11, 'bsgm')], 'links': [(0, 0, 10, -0.8761135935783386), (1, 1, 8, -0.40020081400871277), (2, 1, 9, -0.5204066038131714), (3, 2, 9, 0.7758034467697144), (4, 3, 9, -0.8835614323616028), (5, 4, 8, -0.8908283114433289), (8, 7, 8, -0.08862069249153137), (10, 7, 11, 1.0), (11, 11, 10, 0.632755696773529), (12, 1, 10, 0.8728336095809937), (13, 2, 11, -0.10995303839445114)], 'NID': 1, 'LID': 14, '_id': 187, '_parents': [53]}"
