id,parents,fitnesses,descriptors,genome
135,[9],18.676470588235293,"{'complexity': 68.5, 'max_density_z_coord': 0.04}","{'nodes': [(11, 'sin')], 'links': [(0, 0, 8, -0.7955196499824524), (1, 1, 10, -0.310291588306427), (2, 2, 8, -0.06371709704399109), (3, 2, 9, 0.32492727041244507), (4, 3, 8, 0.7750325798988342), (5, 3, 10, 0.6746459603309631), (7, 4, 10, 1.002266764640808), (8, 5, 8, -0.23719194531440735), (9, 5, 9, -0.14133691787719727), (10, 6, 10, 0.046953968703746796), (11, 7, 8, -0.7173007726669312), (12, 4, 11, 1.0), (13, 11, 8, 0.9699837565422058)], 'NID': 1, 'LID': 14, '_id': 135, '_parents': [9]}"
153,[52],18.676470588235293,"{'complexity': 100.0, 'max_density_z_coord': 0.04}","{'nodes': [], 'links': [(0, 0, 8, -0.7955196499824524), (1, 1, 10, -0.310291588306427), (2, 2, 8, -0.06371709704399109), (3, 2, 9, 0.32492727041244507), (4, 3, 8, 0.7750325798988342), (5, 3, 10, 0.6746459603309631), (6, 4, 8, 0.9699837565422058), (7, 4, 10, 1.002266764640808), (9, 5, 9, -0.14133691787719727), (10, 6, 10, 0.046953968703746796), (11, 7, 8, -0.7173007726669312), (12, 3, 9, 0.233128622174263)], 'NID': 0, 'LID': 13, '_id': 153, '_parents': [52]}"
184,[132],18.676470588235293,"{'complexity': 77.0, 'max_density_z_coord': 0.04}","{'nodes': [], 'links': [(0, 0, 8, -0.7955196499824524), (1, 1, 10, -0.310291588306427), (2, 2, 8, -0.06796024739742279), (3, 2, 9, 0.32492727041244507), (4, 3, 8, 0.7750325798988342), (5, 3, 10, 0.6746459603309631), (6, 4, 8, 0.9699837565422058), (7, 4, 10, 1.002266764640808), (9, 5, 9, -0.14867578446865082), (10, 6, 10, 0.046953968703746796)], 'NID': 0, 'LID': 12, '_id': 184, '_parents': [132]}"
