id,parents,fitnesses,descriptors,genome
172,[139],17.586192810457515,"{'complexity': 24.0, 'max_density_z_coord': 0.07176844158927112}","{'nodes': [(11, 'gaus')], 'links': [(0, 1, 10, -0.13804607093334198), (1, 2, 10, 0.7184228897094727), (2, 3, 10, 0.6260808706283569), (3, 5, 9, -0.7194974422454834), (5, 6, 8, 0.673559308052063), (7, 6, 10, -0.2649763226509094), (8, 7, 8, -0.8517740368843079), (9, 6, 11, 0.9996573328971863), (10, 11, 9, -0.7239294648170471)], 'NID': 1, 'LID': 11, '_id': 172, '_parents': [139]}"
