id,parents,fitnesses,descriptors,genome
62,[12],18.577614379084967,"{'complexity': 48.5, 'max_density_z_coord': 0.04669465820917041}","{'nodes': [(11, 'bsgm')], 'links': [(0, 0, 8, 0.3337019085884094), (1, 0, 9, -0.9663693904876709), (2, 1, 8, 0.05605264753103256), (3, 2, 8, -0.5547571778297424), (6, 3, 9, 0.9667708873748779), (7, 4, 8, 0.3933194577693939), (8, 4, 9, 0.5055418014526367), (9, 4, 10, -0.008715554140508175), (10, 5, 8, -0.22752653062343597), (11, 5, 10, 0.8955546617507935), (12, 6, 9, 0.7475774884223938), (13, 6, 10, 0.6989402174949646), (14, 7, 8, -0.2014339566230774), (15, 2, 11, 1.0), (16, 11, 10, -0.7819202542304993)], 'NID': 1, 'LID': 17, '_id': 62, '_parents': [12]}"
114,[12],16.235294117647058,"{'complexity': 48.75, 'max_density_z_coord': 0.053385567777678236}","{'nodes': [], 'links': [(0, 0, 8, 0.3337019085884094), (1, 0, 9, -0.9663693904876709), (2, 1, 8, 0.05605264753103256), (3, 2, 8, -0.5547571778297424), (4, 2, 10, -0.7819202542304993), (6, 3, 9, 0.9667708873748779), (7, 4, 8, 0.3933194577693939), (8, 4, 9, 0.5055418014526367), (9, 4, 10, -0.008715554140508175), (10, 5, 8, -0.22752653062343597), (11, 5, 10, 0.8955546617507935), (12, 6, 9, 0.772962212562561), (13, 6, 10, 0.6989402174949646), (14, 7, 8, -0.2014339566230774)], 'NID': 0, 'LID': 15, '_id': 114, '_parents': [12]}"
