{"id": 464, "parents": [311], "fitnesses": {"closeness": 71.05936975950833}, "descriptors": {"distance": 2.7399378087323654, "max_velocity": 0.8718465486679949}, "genome": {"brain": {"nodes": [], "links": [[0, 0, 9, -0.8184727430343628], [1, 0, 10, 0.3252207636833191], [2, 1, 10, 0.4416286051273346], [3, 2, 10, 0.9377269744873047], [4, 3, 8, 0.12535271048545837], [5, 4, 10, 0.9316892027854919], [6, 5, 8, -0.15813255310058594], [7, 5, 9, 0.4359135031700134], [8, 5, 10, -0.6043839454650879], [9, 6, 8, 0.24084806442260742], [10, 7, 8, -0.5898024439811707], [11, 7, 10, -0.9620125889778137], [12, 6, 10, -0.10772447288036346]], "NID": 0, "LID": 13, "_id": 464, "_parents": [311]}, "vision": {"w": 2, "h": 2}}}