{"id": 387, "parents": [290], "fitnesses": {"closeness": 63.38681814762456}, "descriptors": {"distance": 2.3831936411852466, "max_velocity": 1.2572462778785767}, "genome": {"brain": {"nodes": [], "links": [[0, 0, 9, -0.8184727430343628], [1, 0, 10, 0.3165499269962311], [2, 1, 10, 0.4340498447418213], [3, 2, 10, 0.9377269744873047], [4, 3, 8, 0.12535271048545837], [5, 4, 10, 0.9316892027854919], [6, 5, 8, -0.16094215214252472], [7, 5, 9, 0.4359135031700134], [8, 5, 10, -0.6043839454650879], [9, 6, 8, 0.24538211524486542], [10, 7, 8, -0.5898024439811707], [11, 7, 10, -0.9615654945373535]], "NID": 0, "LID": 12, "_id": 387, "_parents": [290]}, "vision": {"w": 2, "h": 2}}}