{"id": 309, "parents": [245], "fitnesses": {"closeness": 64.25902107882985}, "descriptors": {"distance": 2.4843364532636683, "max_velocity": 0.8116963951722805}, "genome": {"brain": {"nodes": [], "links": [[0, 0, 9, -0.8184727430343628], [1, 0, 10, 0.3088018298149109], [2, 1, 10, 0.4416286051273346], [3, 2, 10, 0.9377269744873047], [4, 3, 8, 0.12535271048545837], [5, 4, 10, 0.9316892027854919], [6, 5, 8, -0.16094215214252472], [7, 5, 9, 0.4359135031700134], [8, 5, 10, -0.6043839454650879], [9, 6, 8, 0.24538211524486542], [10, 7, 8, -0.5561690330505371], [11, 7, 10, -0.9499979019165039]], "NID": 0, "LID": 12, "_id": 309, "_parents": [245]}, "vision": {"w": 2, "h": 2}}}