{"id": 177, "parents": [107], "fitnesses": {"closeness": 71.01062241329326}, "descriptors": {"distance": 2.7418735429795666, "max_velocity": 1.0991071625788296}, "genome": {"brain": {"nodes": [], "links": [[0, 0, 9, -0.8184727430343628], [1, 0, 10, 0.3103002905845642], [2, 1, 10, 0.4416286051273346], [3, 2, 10, 0.9377269744873047], [4, 3, 8, 0.11611276119947433], [5, 4, 10, 0.9316892027854919], [6, 5, 8, -0.15813255310058594], [7, 5, 9, 0.4359135031700134], [8, 5, 10, -0.6043839454650879], [9, 6, 8, 0.24538211524486542], [10, 7, 8, -0.5898024439811707], [11, 7, 10, -0.9499979019165039]], "NID": 0, "LID": 12, "_id": 177, "_parents": [107]}, "vision": {"w": 2, "h": 2}}}