{"id": 370, "parents": [316], "fitnesses": {"closeness": 62.24596110938855}, "descriptors": {"distance": 2.3506485553257983, "max_velocity": 0.9349461334589411}, "genome": {"brain": {"nodes": [], "links": [[0, 0, 9, -0.8184727430343628], [1, 0, 10, 0.3088018298149109], [2, 1, 10, 0.4394640624523163], [3, 2, 10, 0.9377269744873047], [4, 3, 8, 0.12535271048545837], [5, 4, 10, 0.9316892027854919], [6, 5, 8, -0.16094215214252472], [7, 5, 9, 0.4359135031700134], [8, 5, 10, -0.6043839454650879], [10, 7, 8, -0.5898024439811707], [11, 7, 10, -0.9499979019165039]], "NID": 0, "LID": 12, "_id": 370, "_parents": [316]}, "vision": {"w": 2, "h": 2}}}