id,parents,fitnesses,descriptors,genome
26,[16],16.00204248366013,"{'complexity': 100.0, 'z_peaks_avg': 0.06691782658130423}","{'nodes': [], 'links': [(0, 0, 8, -0.8931740522384644), (2, 0, 10, -0.5164320468902588), (3, 1, 8, -0.7815799713134766), (4, 1, 9, -0.617098867893219), (5, 1, 10, -0.6577526926994324), (6, 2, 9, 0.7237993478775024), (7, 2, 10, -0.8044908046722412), (8, 3, 8, -0.18114222586154938), (9, 3, 10, 0.10524578392505646), (10, 4, 8, -0.780346691608429), (12, 4, 10, -0.11407863348722458), (13, 5, 8, 0.6795505881309509), (14, 5, 10, -0.8995188474655151), (15, 6, 8, -0.6118291020393372), (16, 6, 10, -0.8048821091651917), (17, 7, 8, -0.11340741813182831), (18, 7, 9, 0.4722696840763092), (19, 7, 10, 0.11909770965576172)], 'NID': 0, 'LID': 20, '_id': 26, '_parents': [16]}"
29,[16],18.43954248366013,"{'complexity': 100.0, 'z_peaks_avg': 0.07535417488836739}","{'nodes': [], 'links': [(0, 0, 8, -0.8931740522384644), (1, 0, 9, 0.25755104422569275), (2, 0, 10, -0.5164320468902588), (3, 1, 8, -0.7815799713134766), (4, 1, 9, -0.617098867893219), (5, 1, 10, -0.6577526926994324), (6, 2, 9, 0.7237993478775024), (7, 2, 10, -0.8044908046722412), (8, 3, 8, -0.18114222586154938), (9, 3, 10, 0.10524578392505646), (10, 4, 8, -0.780346691608429), (12, 4, 10, -0.11407863348722458), (13, 5, 8, 0.6795505881309509), (14, 5, 10, -0.8995188474655151), (15, 6, 8, -0.6118291020393372), (16, 6, 10, -0.8048821091651917), (17, 7, 8, -0.11340741813182831), (18, 7, 9, 0.4722696840763092), (19, 7, 10, 0.11909770965576172), (20, 3, 9, 0.7240201830863953)], 'NID': 0, 'LID': 21, '_id': 29, '_parents': [16]}"
