{"id": 635, "parents": [347], "fitnesses": {"closeness": 96.30975142550056}, "descriptors": {"distance": 3.439164818121233, "white_gazing": 0.36075949367088606}, "genome": {"brain": {"nodes": [], "links": [[0, 0, 8, 0.3437754809856415], [1, 0, 9, -0.5344356298446655], [2, 0, 10, -0.21565811336040497], [3, 1, 9, -0.6458973288536072], [4, 1, 10, -1.009087324142456], [5, 2, 9, 0.8131399154663086], [7, 3, 10, -0.33319783210754395], [8, 6, 9, 0.7911162376403809], [9, 7, 9, -0.9024195075035095]], "NID": 0, "LID": 11, "_id": 635, "_parents": [347]}, "vision": {"w": 2, "h": 2}}}