{"id": 623, "parents": [349], "fitnesses": {"closeness": 86.00912730563869}, "descriptors": {"distance": 3.2532921246353808, "white_gazing": 0.2763819095477387}, "genome": {"brain": {"nodes": [], "links": [[0, 0, 8, 0.33258256316185], [1, 0, 9, -0.5344356298446655], [2, 0, 10, -0.2062295526266098], [3, 1, 9, -0.6458973288536072], [5, 2, 9, 0.8131399154663086], [7, 3, 10, -0.33319783210754395], [8, 6, 9, 0.7911162376403809], [9, 7, 9, -0.9024195075035095], [10, 7, 10, -0.9362066984176636]], "NID": 0, "LID": 11, "_id": 623, "_parents": [349]}, "vision": {"w": 2, "h": 2}}}