{"id": 311, "parents": [201], "fitnesses": {"closeness": 99.39870375352375}, "descriptors": {"distance": 3.5492127897223913, "white_gazing": 0.2679738562091503}, "genome": {"brain": {"nodes": [], "links": [[0, 0, 8, 0.33258256316185], [1, 0, 9, -0.5344356298446655], [2, 0, 10, -0.2031117081642151], [3, 1, 9, -0.6458973288536072], [4, 1, 10, -1.0027512311935425], [7, 3, 10, -0.33319783210754395], [8, 6, 9, 0.7911162376403809], [9, 7, 9, -0.9024195075035095], [10, 7, 10, -0.9448636174201965]], "NID": 0, "LID": 11, "_id": 311, "_parents": [201]}, "vision": {"w": 2, "h": 2}}}