{"id": 703, "parents": [297], "fitnesses": {"closeness": 98.34828471961903}, "descriptors": {"distance": 3.665352489480178, "white_gazing": 0.30588235294117644}, "genome": {"brain": {"nodes": [], "links": [[0, 0, 8, 0.33501628041267395], [1, 0, 9, -0.5344356298446655], [2, 0, 10, -0.20176900923252106], [3, 1, 9, -0.6458973288536072], [4, 1, 10, -1.0027512311935425], [7, 3, 10, -0.33319783210754395], [8, 6, 9, 0.7911162376403809], [9, 7, 9, -0.9024195075035095], [10, 7, 10, -0.9312461614608765]], "NID": 0, "LID": 11, "_id": 703, "_parents": [297]}, "vision": {"w": 2, "h": 2}}}