{"id": 322, "parents": [272], "fitnesses": {"closeness": 80.39363078010321}, "descriptors": {"distance": 2.915753565135796, "white_gazing": 0.27638190954773867}, "genome": {"brain": {"nodes": [], "links": [[0, 0, 8, 0.33706241846084595], [1, 0, 9, -0.5344356298446655], [2, 0, 10, -0.21565811336040497], [3, 1, 9, -0.6458973288536072], [4, 1, 10, -1.009087324142456], [5, 2, 9, 0.8131399154663086], [7, 3, 10, -0.33319783210754395], [8, 6, 9, 0.7911162376403809], [9, 7, 9, -0.9024195075035095], [11, 2, 10, 0.17997616529464722]], "NID": 0, "LID": 12, "_id": 322, "_parents": [272]}, "vision": {"w": 2, "h": 2}}}