{"id": 319, "parents": [276], "fitnesses": {"closeness": 98.169944976051}, "descriptors": {"distance": 3.449855612281862, "white_gazing": 0.15568862275449102}, "genome": {"brain": {"nodes": [], "links": [[0, 0, 8, 0.3320913314819336], [1, 0, 9, -0.5344356298446655], [2, 0, 10, -0.2031117081642151], [3, 1, 9, -0.6458973288536072], [5, 2, 9, 0.8131399154663086], [7, 3, 10, -0.33319783210754395], [8, 6, 9, 0.7911162376403809], [9, 7, 9, -0.9024195075035095], [10, 7, 10, -0.9448636174201965]], "NID": 0, "LID": 11, "_id": 319, "_parents": [276]}, "vision": {"w": 2, "h": 2}}}