{"id": 337, "parents": [74], "fitnesses": {"closeness": 85.92701788956252}, "descriptors": {"speed": 10.72788355306024, "dir_changes": 1.4}, "genome": {"brain": {"nodes": [], "links": [[0, 0, 9, -0.8184727430343628], [1, 0, 10, 0.3103002905845642], [2, 1, 10, 0.4416286051273346], [3, 2, 10, 0.9377269744873047], [4, 3, 8, 0.12535271048545837], [5, 4, 10, 0.9316892027854919], [6, 5, 8, -0.1529272049665451], [7, 5, 9, 0.4359135031700134], [8, 5, 10, -0.6043839454650879], [10, 7, 8, -0.5856168866157532], [11, 7, 10, -0.9499979019165039]], "NID": 0, "LID": 12, "_id": 337, "_parents": [74]}, "vision": {"w": 2, "h": 2}}}