{"id": 384, "parents": [367], "fitnesses": {"closeness": 82.86764122051517}, "descriptors": {"speed": 8.529214185930377, "dir_changes": 1.4}, "genome": {"brain": {"nodes": [[11, "gaus"]], "links": [[0, 0, 8, 0.34070658683776855], [1, 0, 9, -0.5344356298446655], [2, 0, 10, -0.20603469014167786], [3, 1, 9, -0.6458973288536072], [5, 2, 9, 0.8131399154663086], [7, 3, 10, -0.33319783210754395], [8, 6, 9, 0.7911162376403809], [9, 7, 9, -0.9024195075035095], [10, 7, 10, -0.9283490180969238], [11, 1, 11, 1.0], [12, 11, 10, -1.0027512311935425]], "NID": 1, "LID": 13, "_id": 384, "_parents": [367]}, "vision": {"w": 2, "h": 2}}}