{"id": 560, "parents": [440], "fitnesses": {"closeness": 95.51463223194568}, "descriptors": {"distance": 3.436763539100512, "white_gazing": 0.8506493506493507}, "genome": {"brain": {"nodes": [], "links": [[0, 0, 8, 0.3352997601032257], [1, 0, 9, -0.5344356298446655], [2, 0, 10, -0.20603469014167786], [3, 1, 9, -0.6458973288536072], [4, 1, 10, -1.0027512311935425], [5, 2, 9, 0.8131399154663086], [7, 3, 10, -0.33319783210754395], [8, 6, 9, 0.7911162376403809], [9, 7, 9, -0.9024195075035095]], "NID": 0, "LID": 11, "_id": 560, "_parents": [440]}, "vision": {"w": 2, "h": 2}}}