{"id": 741, "parents": [673], "fitnesses": {"closeness": 96.01391146854587}, "descriptors": {"distance": 3.4787260935596747, "white_gazing": 0.8187500000000001}, "genome": {"brain": {"nodes": [[11, "gaus"]], "links": [[0, 0, 8, 0.33501628041267395], [1, 0, 9, -0.5344356298446655], [2, 0, 10, -0.20603469014167786], [3, 1, 9, -0.6458973288536072], [4, 1, 10, -1.0082197189331055], [5, 2, 9, 0.8131399154663086], [8, 6, 9, 0.7911162376403809], [9, 7, 9, -0.9024195075035095], [11, 3, 11, 1.0], [12, 11, 10, -0.33030465245246887]], "NID": 1, "LID": 13, "_id": 741, "_parents": [673]}, "vision": {"w": 2, "h": 2}}}