{"id": 798, "parents": [771], "fitnesses": {"closeness": 81.83727953806562}, "descriptors": {"distance": 4.116306107797883, "white_gazing": 0.7738693467336684}, "genome": {"brain": {"nodes": [[11, "step"]], "links": [[0, 0, 8, 0.33501628041267395], [1, 0, 9, -0.5344356298446655], [3, 1, 9, -0.6458973288536072], [4, 1, 10, -1.01528000831604], [5, 2, 9, 0.8131399154663086], [7, 3, 10, -0.33319783210754395], [8, 6, 9, 0.7911162376403809], [9, 7, 9, -0.9024195075035095], [11, 0, 11, 1.0], [12, 11, 10, -0.20522551238536835]], "NID": 1, "LID": 13, "_id": 798, "_parents": [771]}, "vision": {"w": 2, "h": 2}}}