{"id": 672, "parents": [477], "fitnesses": {"closeness": 82.77706094816654}, "descriptors": {"distance": 3.7887730411620946, "white_gazing": 0.6331658291457287}, "genome": {"brain": {"nodes": [[11, "gaus"]], "links": [[0, 0, 8, 0.33501628041267395], [1, 0, 9, -0.5344356298446655], [2, 0, 10, -0.20603469014167786], [3, 1, 9, -0.6458973288536072], [4, 1, 10, -1.0082197189331055], [5, 2, 9, 0.8131399154663086], [7, 3, 10, -0.33319783210754395], [8, 6, 9, 0.7911162376403809], [11, 7, 11, 1.0], [12, 11, 9, -0.9024195075035095]], "NID": 1, "LID": 13, "_id": 672, "_parents": [477]}, "vision": {"w": 2, "h": 2}}}