{"id": 443, "parents": [421], "fitnesses": {"closeness": 88.80743741605819}, "descriptors": {"distance": 3.5444673665481043, "dir_changes": 1.3}, "genome": {"brain": {"nodes": [], "links": [[0, 0, 8, 0.3263191878795624], [1, 0, 9, -0.5344356298446655], [2, 0, 10, -0.20409069955348969], [3, 1, 9, -0.6458973288536072], [4, 1, 10, -1.0114504098892212], [5, 2, 9, 0.8131399154663086], [7, 3, 10, -0.33319783210754395], [8, 6, 9, 0.7911162376403809], [9, 7, 9, -0.9024195075035095]], "NID": 0, "LID": 11, "_id": 443, "_parents": [421]}, "vision": {"w": 2, "h": 2}}}