{"id": 350, "parents": [121], "fitnesses": {"closeness": 69.96608741982345}, "descriptors": {"distance": 2.63036538410958, "dir_changes": 1.4}, "genome": {"brain": {"nodes": [[11, "abs"]], "links": [[0, 0, 8, 0.33501628041267395], [1, 0, 9, -0.5344356298446655], [3, 1, 9, -0.6458973288536072], [4, 1, 10, -1.0114504098892212], [5, 2, 9, 0.8131399154663086], [6, 3, 8, -0.8601064682006836], [7, 3, 10, -0.33319783210754395], [8, 6, 9, 0.7911162376403809], [9, 7, 9, -0.9024195075035095], [10, 7, 10, -0.9283490180969238], [11, 0, 11, 1.0], [12, 11, 10, -0.20409069955348969]], "NID": 1, "LID": 13, "_id": 350, "_parents": [121]}, "vision": {"w": 2, "h": 2}}}