id,parents,fitnesses,descriptors,genome
28,[6],15.0,"{'complexity': 100, 'z_descriptor': 0.06437908282584733}","{'nodes': [], 'links': [(0, 0, 9, -0.4456344544887543), (1, 1, 9, 0.33265307545661926), (2, 1, 10, -0.7697950005531311), (3, 2, 9, -0.5207332968711853), (4, 3, 8, -0.7688836455345154), (5, 3, 9, -0.5171594023704529), (6, 4, 8, 0.8215288519859314), (7, 4, 9, 0.9405280947685242), (8, 5, 8, -0.4931797385215759), (9, 5, 9, -0.7997416853904724), (10, 6, 8, -0.9789876937866211), (11, 6, 10, 0.19398586452007294), (13, 7, 9, 0.8267840147018433)], 'NID': 0, 'LID': 14, '_id': 28, '_parents': [6]}"
49,[6],18.63235294117647,"{'complexity': 100, 'z_descriptor': 0.052439984764135576}","{'nodes': [], 'links': [(0, 0, 9, -0.4456344544887543), (1, 1, 9, 0.33265307545661926), (2, 1, 10, -0.7697950005531311), (3, 2, 9, -0.5207332968711853), (4, 3, 8, -0.7688836455345154), (5, 3, 9, -0.5171594023704529), (6, 4, 8, 0.8256992697715759), (7, 4, 9, 0.9405280947685242), (8, 5, 8, -0.4931797385215759), (9, 5, 9, -0.7997416853904724), (10, 6, 8, -0.9789876937866211), (11, 6, 10, 0.19314128160476685), (13, 7, 9, 0.8267840147018433)], 'NID': 0, 'LID': 14, '_id': 49, '_parents': [6]}"
