id,parents,fitnesses,descriptors,genome
41,[21],16.834967320261438,"{'complexity': 10.0, 'z_descriptor': 0.07311196035205303}","{'nodes': [], 'links': [(0, 0, 8, -0.31234821677207947), (1, 0, 10, 0.8100589513778687), (2, 2, 8, 0.7126059532165527), (3, 3, 9, 0.5547943711280823), (4, 3, 10, 0.922919750213623), (5, 4, 8, -0.2705278992652893), (6, 5, 8, 0.6267030239105225), (7, 5, 9, -0.9968305230140686), (8, 6, 9, 0.19971036911010742), (9, 7, 10, -0.8167971968650818), (10, 7, 8, -0.9666187167167664)], 'NID': 0, 'LID': 11, '_id': 41, '_parents': [21]}"
42,[21],19.83210784313725,"{'complexity': 10.0, 'z_descriptor': 0.08212478006133875}","{'nodes': [], 'links': [(0, 0, 8, -0.31234821677207947), (1, 0, 10, 0.8100589513778687), (2, 2, 8, 0.713898241519928), (3, 3, 9, 0.5547943711280823), (4, 3, 10, 0.922919750213623), (5, 4, 8, -0.2705278992652893), (6, 5, 8, 0.6267030239105225), (7, 5, 9, -0.9968305230140686), (8, 6, 9, 0.19971036911010742), (10, 7, 8, -0.9666187167167664)], 'NID': 0, 'LID': 11, '_id': 42, '_parents': [21]}"
45,[37],24.079656862745097,"{'complexity': 10.0, 'z_descriptor': 0.062020013303100356}","{'nodes': [], 'links': [(0, 0, 8, -0.31234821677207947), (1, 0, 10, 0.8100589513778687), (2, 2, 8, 0.713898241519928), (3, 3, 9, 0.5547943711280823), (4, 3, 10, 0.922919750213623), (5, 4, 8, -0.2705278992652893), (6, 5, 8, 0.6267030239105225), (7, 5, 9, -0.9968305230140686), (8, 6, 9, 0.19971036911010742), (9, 7, 10, -0.8242826461791992), (10, 7, 8, -0.9666187167167664)], 'NID': 0, 'LID': 11, '_id': 45, '_parents': [37]}"
