{"id": 247, "parents": [239], "fitnesses": {"closeness": 81.96774461702968}, "descriptors": {"distance": 3.005546765038686, "white_gazing": 0.15075376884422112}, "genome": {"brain": {"nodes": [[11, "sin"], [12, "gaus"]], "links": [[1, 0, 9, -0.5344356298446655], [2, 0, 10, -0.20603469014167786], [3, 1, 9, -0.6458973288536072], [5, 2, 9, 0.8131399154663086], [7, 3, 10, -0.33319783210754395], [8, 6, 9, 0.7911162376403809], [9, 7, 9, -0.9024195075035095], [10, 7, 10, -0.9283490180969238], [11, 0, 11, 1.0], [12, 11, 8, 0.3326270282268524], [13, 1, 12, 1.0], [14, 12, 10, -1.0014772415161133]], "NID": 2, "LID": 15, "_id": 247, "_parents": [239]}, "vision": {"w": 2, "h": 2}}}