{"id": 784, "parents": [548], "fitnesses": {"closeness": 99.18572143162059}, "descriptors": {"distance": 3.447243766689704, "white_gazing": 0.3129251700680272}, "genome": {"brain": {"nodes": [], "links": [[0, 0, 8, 0.33501628041267395], [1, 0, 9, -0.5344356298446655], [2, 0, 10, -0.20603469014167786], [3, 1, 9, -0.6458973288536072], [5, 2, 9, 0.8131399154663086], [7, 3, 10, -0.33319783210754395], [8, 6, 9, 0.7911162376403809], [9, 7, 9, -0.9024195075035095], [10, 7, 10, -0.932323157787323], [11, 3, 9, 0.6092395782470703]], "NID": 0, "LID": 12, "_id": 784, "_parents": [548]}, "vision": {"w": 2, "h": 2}}}