{"id": 543, "parents": [444], "fitnesses": {"closeness": 97.22305179340468}, "descriptors": {"distance": 3.4472258453033677, "white_gazing": 0.40361445783132527}, "genome": {"brain": {"nodes": [], "links": [[0, 0, 8, 0.3188362717628479], [1, 0, 9, -0.5344356298446655], [3, 1, 9, -0.6458973288536072], [5, 2, 9, 0.8131399154663086], [7, 3, 10, -0.33319783210754395], [8, 6, 9, 0.7911162376403809], [9, 7, 9, -0.9024195075035095], [10, 7, 10, -0.9283490180969238], [11, 0, 10, 0.9335464239120483]], "NID": 0, "LID": 12, "_id": 543, "_parents": [444]}, "vision": {"w": 2, "h": 2}}}