{"id": 760, "parents": [689], "fitnesses": {"closeness": 97.33692016924887}, "descriptors": {"distance": 3.648626915567825, "white_gazing": 0.26506024096385544}, "genome": {"brain": {"nodes": [], "links": [[0, 0, 8, 0.33501628041267395], [1, 0, 9, -0.5344356298446655], [2, 0, 10, -0.21641294658184052], [3, 1, 9, -0.6458973288536072], [4, 1, 10, -0.9987218976020813], [7, 3, 10, -0.33319783210754395], [8, 6, 9, 0.7911162376403809], [9, 7, 9, -0.9024195075035095], [10, 7, 10, -0.9379605054855347]], "NID": 0, "LID": 11, "_id": 760, "_parents": [689]}, "vision": {"w": 2, "h": 2}}}