{"id": 797, "parents": [717], "fitnesses": {"closeness": 98.83545531448412}, "descriptors": {"distance": 3.457241440634165, "white_gazing": 0.17105263157894737}, "genome": {"brain": {"nodes": [[11, "sin"], [12, "gaus"]], "links": [[1, 0, 9, -0.5344356298446655], [2, 0, 10, -0.18576064705848694], [3, 1, 9, -0.6458973288536072], [5, 2, 9, 0.8131399154663086], [7, 3, 10, -0.33319783210754395], [8, 6, 9, 0.7911162376403809], [10, 7, 10, -0.9283490180969238], [11, 0, 11, 1.0], [12, 11, 8, 0.33891230821609497], [13, 1, 12, 1.0], [14, 12, 10, -1.0014772415161133]], "NID": 2, "LID": 15, "_id": 797, "_parents": [717]}, "vision": {"w": 2, "h": 2}}}