{"id": 572, "parents": [519], "fitnesses": {"closeness": 89.98049992139698}, "descriptors": {"distance": 4.283941696741599, "white_gazing": 0.22110552763819097}, "genome": {"brain": {"nodes": [], "links": [[0, 0, 8, 0.33501628041267395], [1, 0, 9, -0.5344356298446655], [2, 0, 10, -0.2096387892961502], [3, 1, 9, -0.6458973288536072], [4, 1, 10, -0.9987218976020813], [7, 3, 10, -0.33319783210754395], [8, 6, 9, 0.7911162376403809], [9, 7, 9, -0.9024195075035095], [10, 7, 10, -0.9283490180969238]], "NID": 0, "LID": 11, "_id": 572, "_parents": [519]}, "vision": {"w": 2, "h": 2}}}