{"id": 714, "parents": [572], "fitnesses": {"closeness": 85.75618182403758}, "descriptors": {"distance": 3.1705727410513878, "white_gazing": 0.4924623115577889}, "genome": {"brain": {"nodes": [], "links": [[0, 0, 8, 0.33501628041267395], [1, 0, 9, -0.5344356298446655], [2, 0, 10, -0.19488291442394257], [3, 1, 9, -0.6458973288536072], [4, 1, 10, -0.9987218976020813], [7, 3, 10, -0.33319783210754395], [8, 6, 9, 0.7911162376403809], [9, 7, 9, -0.9024195075035095], [10, 7, 10, -0.9283490180969238]], "NID": 0, "LID": 11, "_id": 714, "_parents": [572]}, "vision": {"w": 2, "h": 2}}}