{"id": 519, "parents": [288], "fitnesses": {"closeness": 97.01071150438007}, "descriptors": {"distance": 3.757200872666705, "white_gazing": 0.3273809523809524}, "genome": {"brain": {"nodes": [], "links": [[0, 0, 8, 0.33501628041267395], [1, 0, 9, -0.5344356298446655], [2, 0, 10, -0.20560309290885925], [3, 1, 9, -0.6458973288536072], [4, 1, 10, -0.9987218976020813], [7, 3, 10, -0.33319783210754395], [8, 6, 9, 0.7911162376403809], [9, 7, 9, -0.9024195075035095], [10, 7, 10, -0.9283490180969238]], "NID": 0, "LID": 11, "_id": 519, "_parents": [288]}, "vision": {"w": 2, "h": 2}}}