{"id": 658, "parents": [628], "fitnesses": {"closeness": 87.01291571077148}, "descriptors": {"distance": 3.242131747122693, "white_gazing": 0.25125628140703515}, "genome": {"brain": {"nodes": [[11, "bsgm"]], "links": [[1, 0, 9, -0.5344356298446655], [2, 0, 10, -0.20603469014167786], [3, 1, 9, -0.6458973288536072], [4, 1, 10, -1.0014772415161133], [5, 2, 9, 0.8131399154663086], [7, 3, 10, -0.33319783210754395], [8, 6, 9, 0.7911162376403809], [9, 7, 9, -0.9024195075035095], [10, 7, 10, -0.9220659732818604], [11, 0, 11, 1.0], [12, 11, 8, 0.32292506098747253], [13, 2, 8, 0.2974914610385895]], "NID": 1, "LID": 14, "_id": 658, "_parents": [628]}, "vision": {"w": 2, "h": 2}}}