id,parents,fitnesses,descriptors,genome
36,[7],18.69607843137255,"{'complexity': 10.0, 'z_peaks_avg': 0.04}","{'nodes': [(11, 'id')], 'links': [(0, 0, 8, 0.12535271048545837), (1, 1, 10, 0.9316892027854919), (2, 2, 8, -0.1529272049665451), (3, 2, 9, 0.4359135031700134), (4, 2, 10, -0.6043839454650879), (5, 3, 8, 0.2722729742527008), (6, 4, 8, -0.5995924472808838), (7, 4, 10, -0.9413126111030579), (8, 5, 8, -0.7784891724586487), (10, 7, 9, -0.052837733179330826), (11, 7, 10, -0.38140779733657837), (12, 6, 11, 1.0), (13, 11, 10, 0.6710235476493835), (14, 3, 10, -0.9591658115386963), (15, 11, 8, -0.5531983375549316), (16, 6, 8, -0.036673322319984436)], 'NID': 1, 'LID': 17, '_id': 36, '_parents': [7]}"
58,[47],18.274918300653592,"{'complexity': 24.0, 'z_peaks_avg': 0.10817253342409307}","{'nodes': [(11, 'id')], 'links': [(0, 0, 8, 0.12535271048545837), (1, 1, 10, 0.9316892027854919), (3, 2, 9, 0.4359135031700134), (4, 2, 10, -0.6043839454650879), (5, 3, 8, 0.2722729742527008), (6, 4, 8, -0.5995924472808838), (7, 4, 10, -0.9413126111030579), (8, 5, 8, -0.7784891724586487), (10, 7, 9, -0.052837733179330826), (11, 7, 10, -0.38140779733657837), (12, 6, 11, 1.0), (13, 11, 10, 0.6710235476493835), (14, 3, 10, -0.9591658115386963), (15, 11, 8, -0.5531983375549316), (16, 7, 11, 0.29188209772109985), (17, 4, 11, -0.1123204231262207)], 'NID': 1, 'LID': 18, '_id': 58, '_parents': [47]}"
110,[104],18.781045751633986,"{'complexity': 24.0, 'z_peaks_avg': 0.09499897515029605}","{'nodes': [(11, 'id')], 'links': [(0, 0, 8, 0.12535271048545837), (1, 1, 10, 0.9324906468391418), (3, 2, 9, 0.4359135031700134), (4, 2, 10, -0.611506462097168), (5, 3, 8, 0.2635737657546997), (6, 4, 8, -0.5995924472808838), (7, 4, 10, -0.9413126111030579), (8, 5, 8, -0.7784891724586487), (10, 7, 9, -0.052837733179330826), (11, 7, 10, -0.38140779733657837), (12, 6, 11, 1.0), (13, 11, 10, 0.6710235476493835), (14, 3, 10, -0.9591658115386963), (15, 11, 8, -0.5531983375549316), (16, 7, 11, 0.29188209772109985)], 'NID': 1, 'LID': 17, '_id': 110, '_parents': [104]}"
