id,parents,fitnesses,descriptors,genome
152,[124],18.569035947712415,"{'complexity': 28.0, 'z_peaks_avg': 0.09774777839010029}","{'nodes': [], 'links': [(0, 0, 8, -0.38040030002593994), (1, 1, 8, 0.22691106796264648), (2, 2, 8, -0.17825636267662048), (3, 2, 9, -0.5355590581893921), (5, 3, 9, -0.2789102792739868), (6, 4, 9, -0.4911571741104126), (7, 4, 10, 0.41201987862586975), (8, 5, 10, -0.8468490242958069), (9, 6, 8, 0.5905471444129944), (10, 7, 8, -0.9063736200332642), (11, 7, 9, 0.6078546643257141), (12, 7, 10, -0.41560348868370056)], 'NID': 0, 'LID': 13, '_id': 152, '_parents': [124]}"
154,[124],21.745098039215687,"{'complexity': 28.0, 'z_peaks_avg': 0.09387000252843707}","{'nodes': [], 'links': [(1, 1, 8, 0.22691106796264648), (2, 2, 8, -0.18453167378902435), (3, 2, 9, -0.5355590581893921), (5, 3, 9, -0.2789102792739868), (6, 4, 9, -0.4911571741104126), (7, 4, 10, 0.41201987862586975), (8, 5, 10, -0.8468490242958069), (9, 6, 8, 0.5905471444129944), (10, 7, 8, -0.9063736200332642), (11, 7, 9, 0.6078546643257141), (12, 7, 10, -0.41560348868370056)], 'NID': 0, 'LID': 13, '_id': 154, '_parents': [124]}"
