id,parents,fitnesses,descriptors,genome
41,[28],18.346405228758172,"{'complexity': 16.0, 'z_peaks_avg': 0.06037053669170171}","{'nodes': [(11, 'abs')], 'links': [(0, 0, 8, -0.10033421963453293), (1, 1, 9, 0.6000409126281738), (2, 2, 8, -0.08810823410749435), (3, 2, 9, 0.8835349082946777), (4, 3, 8, -0.38118815422058105), (5, 3, 10, -0.6430784463882446), (7, 5, 8, 0.9122012853622437), (9, 6, 10, -0.9939051270484924), (10, 7, 8, 0.5470014214515686), (11, 7, 10, 0.682349443435669), (12, 6, 11, 0.9675427675247192), (13, 11, 9, 0.29708582162857056), (14, 6, 8, 0.37453368306159973)], 'NID': 1, 'LID': 15, '_id': 41, '_parents': [28]}"
42,[28],17.50653594771242,"{'complexity': 16.5, 'z_peaks_avg': 0.08132743235672467}","{'nodes': [], 'links': [(0, 0, 8, -0.10033421963453293), (1, 1, 9, 0.6000409126281738), (2, 2, 8, -0.08810823410749435), (3, 2, 9, 0.8835349082946777), (4, 3, 8, -0.38118815422058105), (5, 3, 10, -0.6430784463882446), (7, 5, 8, 0.9122012853622437), (9, 6, 10, -0.9939051270484924), (10, 7, 8, 0.5470014214515686), (11, 7, 10, 0.682349443435669), (14, 6, 9, 0.29708582162857056)], 'NID': 1, 'LID': 15, '_id': 42, '_parents': [28]}"
