id,parents,fitnesses,descriptors,genome
18,[0],18.725490196078432,"{'complexity': 25.5, 'z_descriptor': 0.04}","{'nodes': [], 'links': [(0, 0, 8, 0.6948674917221069), (1, 0, 10, -0.010044884867966175), (2, 1, 8, 0.30318593978881836), (3, 1, 10, -0.9433050751686096), (4, 2, 9, 0.5245601534843445), (5, 2, 10, -0.10922560840845108), (6, 3, 9, 0.8905413746833801), (7, 4, 8, -0.9491083025932312), (8, 5, 8, -0.5668011903762817), (9, 5, 9, -0.9419184327125549), (10, 5, 10, -0.12422481179237366), (13, 6, 10, -0.4204367697238922), (14, 7, 8, 0.6751559376716614)], 'NID': 0, 'LID': 15, '_id': 18, '_parents': [0]}"
