id,parents,fitnesses,descriptors,genome
13,[2],15.784313725490195,"{'complexity': 10.0, 'z_descriptor': 0.08987767079542627}","{'nodes': [], 'links': [(0, 0, 8, -0.316651314496994), (1, 0, 10, 0.8195100426673889), (2, 2, 8, 0.713898241519928), (3, 3, 9, 0.5547943711280823), (4, 3, 10, 0.922919750213623), (5, 4, 8, -0.2705278992652893), (6, 5, 8, 0.6267030239105225), (7, 5, 9, -0.9968305230140686), (8, 6, 9, 0.19971036911010742), (9, 7, 10, -0.8167971968650818), (10, 7, 8, -0.9666187167167664)], 'NID': 0, 'LID': 11, '_id': 13, '_parents': [2]}"
