{"id": 270, "parents": [259], "fitnesses": {"closeness": 94.8261005629567}, "descriptors": {"distance": 3.458229975496246, "white_gazing": 0.25654450261780104}, "genome": {"brain": {"nodes": [], "links": [[0, 0, 9, -0.8184727430343628], [1, 0, 10, 0.3103002905845642], [2, 1, 10, 0.4318889379501343], [3, 2, 10, 0.9377269744873047], [4, 3, 8, 0.1144322007894516], [5, 4, 10, 0.9316892027854919], [6, 5, 8, -0.15940961241722107], [7, 5, 9, 0.4359135031700134], [8, 5, 10, -0.6043839454650879], [9, 6, 8, 0.24302908778190613], [10, 7, 8, -0.5898024439811707], [11, 7, 10, -0.9467549920082092], [12, 7, 9, -0.2680979073047638]], "NID": 0, "LID": 13, "_id": 270, "_parents": [259]}, "vision": {"w": 2, "h": 2}}}