{"id": 909, "parents": [205], "fitnesses": {"closeness": 82.83030604028238}, "descriptors": {"distance": 3.216412117432426, "white_gazing": 0.24120603015075376}, "genome": {"brain": {"nodes": [], "links": [[0, 0, 8, 0.33501628041267395], [1, 0, 9, -0.5344356298446655], [2, 0, 10, -0.20384061336517334], [3, 1, 9, -0.6458973288536072], [4, 1, 10, -1.01995050907135], [5, 2, 9, 0.8131399154663086], [6, 3, 8, -0.8571075797080994], [7, 3, 10, -0.33319783210754395], [8, 6, 9, 0.7911162376403809], [9, 7, 9, -0.9024195075035095], [10, 7, 10, -0.9250374436378479], [11, 2, 8, 0.927186131477356]], "NID": 0, "LID": 12, "_id": 909, "_parents": [205]}, "vision": {"w": 2, "h": 2}}}