{"id": 479, "parents": [389], "fitnesses": {"closeness": 81.82045230682661}, "descriptors": {"distance": 3.0602272246095583, "white_gazing": 0.21105527638190955}, "genome": {"brain": {"nodes": [], "links": [[0, 0, 9, -0.8184727430343628], [1, 0, 10, 0.3103002905845642], [2, 1, 10, 0.4416286051273346], [3, 2, 10, 0.9377269744873047], [4, 3, 8, 0.12535271048545837], [5, 4, 10, 0.9316892027854919], [6, 5, 8, -0.1537095606327057], [7, 5, 9, 0.4359135031700134], [8, 5, 10, -0.6043839454650879], [9, 6, 8, 0.24538211524486542], [10, 7, 8, -0.5804557800292969], [11, 7, 10, -0.9499979019165039], [12, 0, 8, -0.1230914518237114]], "NID": 0, "LID": 13, "_id": 479, "_parents": [389]}, "vision": {"w": 2, "h": 2}}}