{"id": 1336, "parents": [1051], "fitnesses": {"brightness": 100.0}, "descriptors": {"distance": 3.1832610452720993, "white_gazing": 0.75}, "genome": {"brain": {"nodes": [[11, "bsgm"]], "links": [[0, 0, 8, 0.33501628041267395], [1, 0, 9, -0.5344356298446655], [2, 0, 10, -0.21400561928749084], [3, 1, 9, -0.6458973288536072], [7, 3, 10, -0.33319783210754395], [8, 6, 9, 0.7911162376403809], [9, 7, 9, -0.9024195075035095], [10, 7, 10, -0.9402596354484558], [11, 1, 11, 1.0], [12, 11, 10, -1.0389798879623413]], "NID": 1, "LID": 13, "_id": 1336, "_parents": [1051]}, "vision": {"w": 2, "h": 2}}}