{"id": 992, "parents": [883], "fitnesses": {"brightness": 100.0}, "descriptors": {"distance": 3.6117199243936224, "white_gazing": 0}, "genome": {"brain": {"nodes": [], "links": [[0, 0, 8, 0.3411467671394348], [1, 0, 9, -0.5344356298446655], [2, 0, 10, -0.21400561928749084], [3, 1, 9, -0.6458973288536072], [4, 1, 10, -1.0385102033615112], [7, 3, 10, -0.33319783210754395], [8, 6, 9, 0.7911162376403809], [9, 7, 9, -0.9024195075035095], [10, 7, 10, -0.9402596354484558]], "NID": 0, "LID": 11, "_id": 992, "_parents": [883]}, "vision": {"w": 2, "h": 2}}}