{"id": 4878, "parents": [4216], "fitnesses": {"brightness": 100.0}, "descriptors": {"distance": 3.838666820193637, "white_gazing": 0}, "genome": {"brain": {"nodes": [[11, "bsgm"]], "links": [[0, 0, 8, 0.33956047892570496], [1, 0, 9, -0.5344356298446655], [2, 0, 10, -0.21400561928749084], [3, 1, 9, -0.6458973288536072], [7, 3, 10, -0.33319783210754395], [8, 6, 9, 0.7911162376403809], [9, 7, 9, -0.9024195075035095], [10, 7, 10, -0.9367210865020752], [11, 1, 11, 0.9968658685684204], [12, 11, 10, -1.0389798879623413]], "NID": 1, "LID": 13, "_id": 4878, "_parents": [4216]}, "vision": {"w": 2, "h": 2}}}