{"id": 2986, "parents": [1984], "fitnesses": {"brightness": 100.0}, "descriptors": {"distance": 3.388208853433427, "white_gazing": 0.25}, "genome": {"brain": {"nodes": [], "links": [[0, 0, 8, 0.3411467671394348], [1, 0, 9, -0.5344356298446655], [2, 0, 10, -0.21337050199508667], [3, 1, 9, -0.6458973288536072], [4, 1, 10, -1.0191410779953003], [7, 3, 10, -0.33319783210754395], [8, 6, 9, 0.7911162376403809], [9, 7, 9, -0.8783823847770691], [10, 7, 10, -0.9424607753753662]], "NID": 0, "LID": 11, "_id": 2986, "_parents": [1984]}, "vision": {"w": 2, "h": 2}}}