{"id": 2023, "parents": [2011], "fitnesses": {"brightness": 100.0}, "descriptors": {"distance": 3.2959928514877035, "white_gazing": 0.5}, "genome": {"brain": {"nodes": [], "links": [[0, 0, 8, 0.3392816483974457], [1, 0, 9, -0.5344356298446655], [2, 0, 10, -0.21400561928749084], [3, 1, 9, -0.6458973288536072], [4, 1, 10, -1.0369987487792969], [7, 3, 10, -0.33319783210754395], [8, 6, 9, 0.7911162376403809], [9, 7, 9, -0.9024195075035095], [10, 7, 10, -0.9402596354484558]], "NID": 0, "LID": 11, "_id": 2023, "_parents": [2011]}, "vision": {"w": 2, "h": 2}}}