{"id": 308, "parents": [21], "fitnesses": {"closeness": 64.31136552000609}, "descriptors": {"distance": 3.3985411600558115, "max_velocity": 0.915747857632415}, "genome": {"brain": {"nodes": [[11, "sin"]], "links": [[0, 0, 9, -0.8184727430343628], [1, 0, 10, 0.3103002905845642], [2, 1, 10, 0.4416286051273346], [4, 3, 8, 0.12535271048545837], [5, 4, 10, 0.9316892027854919], [7, 5, 9, 0.4359135031700134], [8, 5, 10, -0.6043839454650879], [9, 6, 8, 0.24538211524486542], [10, 7, 8, -0.5898024439811707], [11, 7, 10, -0.9499979019165039], [12, 2, 11, 1.0], [13, 11, 10, 0.9377269744873047]], "NID": 1, "LID": 14, "_id": 308, "_parents": [21]}, "vision": {"w": 2, "h": 2}}}