{"id": 319, "parents": [102], "fitnesses": {"closeness": 66.06007177442623}, "descriptors": {"distance": 3.177092584007021, "max_velocity": 0.8510955458596459}, "genome": {"brain": {"nodes": [], "links": [[0, 0, 9, -0.8184727430343628], [1, 0, 10, 0.3103002905845642], [2, 1, 10, 0.4416286051273346], [3, 2, 10, 0.9377269744873047], [4, 3, 8, 0.12535271048545837], [5, 4, 10, 0.9316892027854919], [6, 5, 8, -0.15422983467578888], [7, 5, 9, 0.4359135031700134], [8, 5, 10, -0.6043839454650879], [9, 6, 8, 0.24538211524486542], [10, 7, 8, -0.5898024439811707], [11, 7, 10, -0.9500141143798828]], "NID": 0, "LID": 12, "_id": 319, "_parents": [102]}, "vision": {"w": 2, "h": 2}}}