{"id": 284, "parents": [181], "fitnesses": {"closeness": 75.68015342922145}, "descriptors": {"distance": 2.8545500910596804, "max_velocity": 0.8186234844298744}, "genome": {"brain": {"nodes": [], "links": [[0, 0, 9, -0.8184727430343628], [1, 0, 10, 0.3103002905845642], [2, 1, 10, 0.45482414960861206], [3, 2, 10, 0.9377269744873047], [5, 4, 10, 0.9316892027854919], [6, 5, 8, -0.1529272049665451], [7, 5, 9, 0.4359135031700134], [8, 5, 10, -0.6043839454650879], [9, 6, 8, 0.24538211524486542], [10, 7, 8, -0.5859709978103638], [11, 7, 10, -0.9499979019165039]], "NID": 0, "LID": 12, "_id": 284, "_parents": [181]}, "vision": {"w": 2, "h": 2}}}