{"id": 120, "parents": [114], "fitnesses": {"closeness": 64.09374173233455}, "descriptors": {"distance": 2.855847566646955, "max_velocity": 1.0581901266495244}, "genome": {"brain": {"nodes": [[11, "sin"], [12, "sin"]], "links": [[0, 0, 8, 0.33501628041267395], [1, 0, 9, -0.5344356298446655], [2, 0, 10, -0.20190134644508362], [3, 1, 9, -0.6458973288536072], [5, 2, 9, 0.8131399154663086], [7, 3, 10, -0.33319783210754395], [8, 6, 9, 0.7911162376403809], [9, 7, 9, -0.9024195075035095], [10, 7, 10, -0.9283490180969238], [11, 3, 11, 1.0], [12, 11, 8, -0.8571075797080994], [13, 1, 12, 1.0], [14, 12, 10, -1.0027512311935425]], "NID": 2, "LID": 15, "_id": 120, "_parents": [114]}, "vision": {"w": 2, "h": 2}}}