{"id": 346, "parents": [203], "fitnesses": {"closeness": 61.99551754394469}, "descriptors": {"distance": 2.3574367194565697, "max_velocity": 0.9016125588556259}, "genome": {"brain": {"nodes": [], "links": [[0, 0, 9, -0.8184727430343628], [1, 0, 10, 0.307325154542923], [2, 1, 10, 0.44161292910575867], [3, 2, 10, 0.9377269744873047], [4, 3, 8, 0.11660292744636536], [5, 4, 10, 0.9316892027854919], [6, 5, 8, -0.1529272049665451], [7, 5, 9, 0.4359135031700134], [8, 5, 10, -0.6043839454650879], [9, 6, 8, 0.24538211524486542], [10, 7, 8, -0.5994365811347961], [11, 7, 10, -0.9499979019165039]], "NID": 0, "LID": 12, "_id": 346, "_parents": [203]}, "vision": {"w": 2, "h": 2}}}