{"id": 257, "parents": [182], "fitnesses": {"closeness": 84.8398904163856}, "descriptors": {"speed": 8.99169130471553, "dir_changes": 14.13}, "genome": {"brain": {"nodes": [[11, "sin"]], "links": [[1, 0, 9, -0.5344356298446655], [2, 0, 10, -0.20603469014167786], [3, 1, 9, -0.6458973288536072], [5, 2, 9, 0.8131399154663086], [7, 3, 10, -0.33319783210754395], [8, 6, 9, 0.7911162376403809], [9, 7, 9, -0.9024195075035095], [10, 7, 10, -0.9283490180969238], [11, 0, 11, 1.0], [12, 11, 8, 0.3339919447898865]], "NID": 1, "LID": 13, "_id": 257, "_parents": [182]}, "vision": {"w": 2, "h": 2}}}