{"id": 259, "parents": [197], "fitnesses": {"closeness": 86.6513516728836}, "descriptors": {"speed": 8.182604830074627, "dir_changes": 13.41}, "genome": {"brain": {"nodes": [], "links": [[0, 0, 8, 0.3372402489185333], [1, 0, 9, -0.5344356298446655], [2, 0, 10, -0.20603469014167786], [3, 1, 9, -0.6458973288536072], [4, 1, 10, -0.9939092993736267], [7, 3, 10, -0.33319783210754395], [8, 6, 9, 0.7911162376403809], [9, 7, 9, -0.9024195075035095], [10, 7, 10, -0.9283490180969238]], "NID": 0, "LID": 11, "_id": 259, "_parents": [197]}, "vision": {"w": 2, "h": 2}}}