{"id": 833, "parents": [659], "fitnesses": {"closeness": 90.90575975292613}, "descriptors": {"distance": 3.427862016443345, "white_gazing": 0.9547738693467336}, "genome": {"brain": {"nodes": [], "links": [[0, 0, 8, 0.3318973183631897], [1, 0, 9, -0.5344356298446655], [2, 0, 10, -0.20603469014167786], [3, 1, 9, -0.6458973288536072], [4, 1, 10, -1.0027512311935425], [7, 3, 10, -0.33319783210754395], [8, 6, 9, 0.7911162376403809], [9, 7, 9, -0.9024195075035095], [10, 7, 10, -0.9517415165901184], [11, 2, 10, 0.9335464239120483]], "NID": 0, "LID": 12, "_id": 833, "_parents": [659]}, "vision": {"w": 3, "h": 3}}}