{"id": 702, "parents": [269], "fitnesses": {"closeness": 97.85523120776827}, "descriptors": {"distance": 3.4442016149901193, "white_gazing": 0.8553459119496856}, "genome": {"brain": {"nodes": [], "links": [[0, 0, 8, 0.33331167697906494], [1, 0, 9, -0.5344356298446655], [2, 0, 10, -0.20603469014167786], [3, 1, 9, -0.6458973288536072], [4, 1, 10, -1.0027512311935425], [7, 3, 10, -0.33319783210754395], [8, 6, 9, 0.7911162376403809], [9, 7, 9, -0.9024195075035095], [10, 7, 10, -0.9283490180969238], [11, 2, 10, 0.9335464239120483]], "NID": 0, "LID": 12, "_id": 702, "_parents": [269]}, "vision": {"w": 3, "h": 3}}}