{"id": 874, "parents": [767], "fitnesses": {"closeness": 90.3439981446899}, "descriptors": {"distance": 3.5131810355639765, "white_gazing": 0.7085427135678392}, "genome": {"brain": {"nodes": [], "links": [[0, 0, 8, 0.33331167697906494], [1, 0, 9, -0.5344356298446655], [2, 0, 10, -0.20603469014167786], [3, 1, 9, -0.6458973288536072], [4, 1, 10, -1.0056114196777344], [7, 3, 10, -0.33319783210754395], [8, 6, 9, 0.7911162376403809], [9, 7, 9, -0.9024195075035095], [10, 7, 10, -0.9526849985122681], [11, 2, 10, 0.9364396333694458], [12, 3, 9, -0.5371473431587219]], "NID": 0, "LID": 13, "_id": 874, "_parents": [767]}, "vision": {"w": 3, "h": 3}}}