{"id": 687, "parents": [492], "fitnesses": {"closeness": 92.81437100630767}, "descriptors": {"distance": 3.7180221048405837, "white_gazing": 1.0}, "genome": {"brain": {"nodes": [], "links": [[0, 0, 8, 0.33331167697906494], [1, 0, 9, -0.5344356298446655], [2, 0, 10, -0.20603469014167786], [3, 1, 9, -0.6458973288536072], [5, 2, 9, 0.8131399154663086], [7, 3, 10, -0.33319783210754395], [8, 6, 9, 0.7911162376403809], [9, 7, 9, -0.9024195075035095], [10, 7, 10, -0.9425064921379089], [11, 2, 10, 0.9335464239120483]], "NID": 0, "LID": 12, "_id": 687, "_parents": [492]}, "vision": {"w": 3, "h": 3}}}