{"id": 966, "parents": [859], "fitnesses": {"closeness": 80.44750429467834}, "descriptors": {"distance": 2.9340377179594586, "white_gazing": 1.0}, "genome": {"brain": {"nodes": [], "links": [[0, 0, 8, 0.33331167697906494], [1, 0, 9, -0.5344356298446655], [2, 0, 10, -0.21308407187461853], [3, 1, 9, -0.6458973288536072], [4, 1, 10, -1.0027512311935425], [5, 2, 9, 0.8131399154663086], [7, 3, 10, -0.33319783210754395], [8, 6, 9, 0.7911162376403809], [9, 7, 9, -0.9024195075035095], [11, 2, 10, 0.9342361092567444]], "NID": 0, "LID": 12, "_id": 966, "_parents": [859]}, "vision": {"w": 3, "h": 3}}}