{"id": 876, "parents": [539], "fitnesses": {"closeness": 96.83493889371277}, "descriptors": {"distance": 3.727407741253376, "white_gazing": 0.9444444444444444}, "genome": {"brain": {"nodes": [[11, "sin"]], "links": [[0, 0, 8, 0.3261048495769501], [1, 0, 9, -0.5344356298446655], [2, 0, 10, -0.21263571083545685], [3, 1, 9, -0.6458973288536072], [7, 3, 10, -0.33319783210754395], [8, 6, 9, 0.7911162376403809], [9, 7, 9, -0.9024195075035095], [10, 7, 10, -0.9283490180969238], [11, 2, 11, 1.0], [12, 11, 9, 0.8131399154663086]], "NID": 1, "LID": 13, "_id": 876, "_parents": [539]}, "vision": {"w": 3, "h": 3}}}