{"id": 789, "parents": [539], "fitnesses": {"closeness": 95.0011547804706}, "descriptors": {"distance": 3.448058427034606, "white_gazing": 0.8061224489795917}, "genome": {"brain": {"nodes": [], "links": [[0, 0, 8, 0.31803351640701294], [1, 0, 9, -0.5344356298446655], [2, 0, 10, -0.21263571083545685], [3, 1, 9, -0.6458973288536072], [5, 2, 9, 0.8131399154663086], [7, 3, 10, -0.33319783210754395], [8, 6, 9, 0.7911162376403809], [9, 7, 9, -0.9024195075035095], [10, 7, 10, -0.9283490180969238]], "NID": 0, "LID": 11, "_id": 789, "_parents": [539]}, "vision": {"w": 3, "h": 3}}}