{"id": 606, "parents": [542], "fitnesses": {"closeness": 81.36674788142227}, "descriptors": {"distance": 2.9687201333961233, "white_gazing": 0.8743718592964824}, "genome": {"brain": {"nodes": [[11, "bsgm"], [12, "sin"]], "links": [[0, 0, 8, 0.33331167697906494], [1, 0, 9, -0.5344356298446655], [3, 1, 9, -0.6458973288536072], [4, 1, 10, -1.0027512311935425], [7, 3, 10, -0.33319783210754395], [8, 6, 9, 0.7911162376403809], [9, 7, 9, -0.9024195075035095], [10, 7, 10, -0.9267765283584595], [11, 2, 10, 0.9335464239120483], [12, 2, 11, 1.0], [13, 11, 9, 0.8131399154663086], [14, 0, 12, 1.0], [15, 12, 10, -0.20603469014167786]], "NID": 2, "LID": 16, "_id": 606, "_parents": [542]}, "vision": {"w": 3, "h": 3}}}