{"id": 992, "parents": [337], "fitnesses": {"brightness": 87.45098039215686}, "descriptors": {"distance": 2.6752510804953498, "white_gazing": 0.25}, "genome": {"brain": {"nodes": [], "links": [[0, 0, 8, 0.32710379362106323], [1, 0, 9, -0.5344356298446655], [2, 0, 10, -0.20397281646728516], [3, 1, 9, -0.6458973288536072], [4, 1, 10, -0.9815613627433777], [7, 3, 10, -0.33319783210754395], [8, 6, 9, 0.7911162376403809], [9, 7, 9, -0.9024195075035095], [10, 7, 10, -0.9283490180969238]], "NID": 0, "LID": 11, "_id": 992, "_parents": [337]}, "vision": {"w": 2, "h": 2}}}