{"id": 742, "parents": [360], "fitnesses": {"brightness": 87.45098039215686}, "descriptors": {"distance": 2.2777586367538407, "white_gazing": 0}, "genome": {"brain": {"nodes": [[11, "bsgm"]], "links": [[0, 0, 8, 0.34173092246055603], [2, 0, 10, -0.20603469014167786], [3, 1, 9, -0.6458973288536072], [4, 1, 10, -0.9794246554374695], [7, 3, 10, -0.33319783210754395], [8, 6, 9, 0.7911162376403809], [9, 7, 9, -0.9024195075035095], [10, 7, 10, -0.9296128749847412], [11, 0, 11, 1.0], [12, 11, 9, -0.5344356298446655]], "NID": 1, "LID": 13, "_id": 742, "_parents": [360]}, "vision": {"w": 2, "h": 2}}}