{"id": 259, "parents": [228], "fitnesses": {"brightness": 100.0}, "descriptors": {"distance": 3.448426122774997, "white_gazing": 0}, "genome": {"brain": {"nodes": [], "links": [[0, 0, 8, 0.33501628041267395], [1, 0, 9, -0.5344356298446655], [2, 0, 10, -0.21502453088760376], [3, 1, 9, -0.6458973288536072], [4, 1, 10, -0.9794246554374695], [5, 2, 9, 0.8131399154663086], [7, 3, 10, -0.33319783210754395], [8, 6, 9, 0.7911162376403809], [9, 7, 9, -0.9024195075035095], [10, 7, 10, -0.9283490180969238], [11, 2, 8, 0.99313884973526]], "NID": 0, "LID": 12, "_id": 259, "_parents": [228]}, "vision": {"w": 2, "h": 2}}}