{"id": 291, "parents": [257], "fitnesses": {"brightness": 100.0}, "descriptors": {"distance": 3.8919546859449072, "white_gazing": 0}, "genome": {"brain": {"nodes": [], "links": [[0, 0, 8, 0.33069366216659546], [1, 0, 9, -0.5344356298446655], [2, 0, 10, -0.1918768286705017], [3, 1, 9, -0.6458973288536072], [4, 1, 10, -0.9794246554374695], [7, 3, 10, -0.33319783210754395], [8, 6, 9, 0.7911162376403809], [9, 7, 9, -0.9024195075035095], [10, 7, 10, -0.9478203058242798]], "NID": 0, "LID": 11, "_id": 291, "_parents": [257]}, "vision": {"w": 2, "h": 2}}}