{"id": 491, "parents": [293], "fitnesses": {"brightness": 100.0}, "descriptors": {"distance": 3.9482061169856877, "white_gazing": 0}, "genome": {"brain": {"nodes": [], "links": [[0, 0, 8, 0.33990126848220825], [1, 0, 9, -0.5344356298446655], [2, 0, 10, -0.20842674374580383], [3, 1, 9, -0.6458973288536072], [4, 1, 10, -0.9794246554374695], [7, 3, 10, -0.33319783210754395], [8, 6, 9, 0.7911162376403809], [9, 7, 9, -0.9024195075035095], [10, 7, 10, -0.9283490180969238]], "NID": 0, "LID": 11, "_id": 491, "_parents": [293]}, "vision": {"w": 2, "h": 2}}}