{"id": 856, "parents": [815], "fitnesses": {"brightness": 100.0}, "descriptors": {"distance": 3.250044965520638, "white_gazing": 0.75}, "genome": {"brain": {"nodes": [], "links": [[0, 0, 8, 0.33106014132499695], [1, 0, 9, -0.5344356298446655], [2, 0, 10, -0.20383356511592865], [3, 1, 9, -0.6458973288536072], [4, 1, 10, -0.9746180176734924], [7, 3, 10, -0.33319783210754395], [8, 6, 9, 0.7911162376403809], [9, 7, 9, -0.9024195075035095], [10, 7, 10, -0.9283490180969238]], "NID": 0, "LID": 11, "_id": 856, "_parents": [815]}, "vision": {"w": 2, "h": 2}}}