{"id": 449, "parents": [295], "fitnesses": {"brightness": 100.0}, "descriptors": {"distance": 3.8553739268659637, "white_gazing": 1}, "genome": {"brain": {"nodes": [], "links": [[1, 0, 9, -0.5344356298446655], [2, 0, 10, -0.20603469014167786], [3, 1, 9, -0.6458973288536072], [4, 1, 10, -0.9896739721298218], [5, 2, 9, 0.8131399154663086], [7, 3, 10, -0.33319783210754395], [8, 6, 9, 0.7911162376403809], [9, 7, 9, -0.9024195075035095], [10, 7, 10, -0.9283490180969238], [11, 2, 8, 0.99313884973526]], "NID": 0, "LID": 12, "_id": 449, "_parents": [295]}, "vision": {"w": 2, "h": 2}}}