{"id": 855, "parents": [629], "fitnesses": {"brightness": 100.0}, "descriptors": {"distance": 4.009200096759933, "white_gazing": 1}, "genome": {"brain": {"nodes": [], "links": [[0, 0, 8, 0.34073901176452637], [1, 0, 9, -0.5344356298446655], [2, 0, 10, -0.21393343806266785], [3, 1, 9, -0.6458973288536072], [4, 1, 10, -0.9896739721298218], [5, 2, 9, 0.8131399154663086], [7, 3, 10, -0.33319783210754395], [8, 6, 9, 0.7911162376403809], [9, 7, 9, -0.9024195075035095], [10, 7, 10, -0.9283490180969238], [11, 2, 8, 1.0074846744537354]], "NID": 0, "LID": 12, "_id": 855, "_parents": [629]}, "vision": {"w": 2, "h": 2}}}