{"id": 471, "parents": [295], "fitnesses": {"brightness": 100.0}, "descriptors": {"distance": 3.9583194909775643, "white_gazing": 0.5}, "genome": {"brain": {"nodes": [], "links": [[0, 0, 8, 0.34073901176452637], [1, 0, 9, -0.5344356298446655], [2, 0, 10, -0.20603469014167786], [3, 1, 9, -0.6458973288536072], [4, 1, 10, -0.986107349395752], [5, 2, 9, 0.8131399154663086], [7, 3, 10, -0.33319783210754395], [8, 6, 9, 0.7911162376403809], [9, 7, 9, -0.9024195075035095], [10, 7, 10, -0.9283490180969238], [11, 2, 8, 0.99313884973526]], "NID": 0, "LID": 12, "_id": 471, "_parents": [295]}, "vision": {"w": 2, "h": 2}}}