{"id": 236, "parents": [189], "fitnesses": {"brightness": 100.0}, "descriptors": {"distance": 3.4969418579965312, "white_gazing": 1}, "genome": {"brain": {"nodes": [], "links": [[0, 0, 8, 0.33410772681236267], [1, 0, 9, -0.5344356298446655], [2, 0, 10, -0.20603469014167786], [3, 1, 9, -0.6458973288536072], [4, 1, 10, -0.9794246554374695], [7, 3, 10, -0.33319783210754395], [8, 6, 9, 0.7911162376403809], [9, 7, 9, -0.9024195075035095], [10, 7, 10, -0.9283490180969238]], "NID": 0, "LID": 11, "_id": 236, "_parents": [189]}, "vision": {"w": 2, "h": 2}}}