{"id": 917, "parents": [456], "fitnesses": {"brightness": 87.54901960784314}, "descriptors": {"distance": 3.2890253917878183, "white_gazing": 0}, "genome": {"brain": {"nodes": [], "links": [[0, 0, 8, 0.33410772681236267], [1, 0, 9, -0.5344356298446655], [2, 0, 10, -0.20586203038692474], [4, 1, 10, -0.9794246554374695], [7, 3, 10, -0.33319783210754395], [8, 6, 9, 0.7911162376403809], [9, 7, 9, -0.9024195075035095], [10, 7, 10, -0.9096910357475281]], "NID": 0, "LID": 11, "_id": 917, "_parents": [456]}, "vision": {"w": 2, "h": 2}}}