{"id": 360, "parents": [231], "fitnesses": {"brightness": 100.0}, "descriptors": {"distance": 3.3020164755250057, "white_gazing": 0.75}, "genome": {"brain": {"nodes": [], "links": [[0, 0, 8, 0.34173092246055603], [1, 0, 9, -0.5344356298446655], [2, 0, 10, -0.20603469014167786], [3, 1, 9, -0.6458973288536072], [4, 1, 10, -0.9794246554374695], [7, 3, 10, -0.33319783210754395], [8, 6, 9, 0.7911162376403809], [9, 7, 9, -0.9024195075035095], [10, 7, 10, -0.9296128749847412]], "NID": 0, "LID": 11, "_id": 360, "_parents": [231]}, "vision": {"w": 2, "h": 2}}}