{"id": 272, "parents": [109], "fitnesses": {"closeness": 79.83791411825499}, "descriptors": {"dir_changes": 1.3, "max_velocity": 8.843579288408527}, "genome": {"brain": {"nodes": [], "links": [[0, 0, 8, 0.3339919447898865], [1, 0, 9, -0.5344356298446655], [2, 0, 10, -0.20603469014167786], [3, 1, 9, -0.6458973288536072], [5, 2, 9, 0.8131399154663086], [7, 3, 10, -0.33319783210754395], [8, 6, 9, 0.7911162376403809], [9, 7, 9, -0.9024195075035095], [10, 7, 10, -0.9283490180969238]], "NID": 0, "LID": 11, "_id": 272, "_parents": [109]}, "vision": {"w": 2, "h": 2}}}