{"id": 206, "parents": [192], "fitnesses": {"closeness": 63.130790687656535}, "descriptors": {"speed": 8.553033386718576, "distance": 2.6565197190828314}, "genome": {"brain": {"nodes": [], "links": [[0, 0, 8, 0.3378775119781494], [1, 0, 9, -0.5344356298446655], [2, 0, 10, -0.19892087578773499], [3, 1, 9, -0.6458973288536072], [4, 1, 10, -1.0028122663497925], [5, 2, 9, 0.8131399154663086], [6, 3, 8, -0.8571075797080994], [7, 3, 10, -0.33319783210754395], [8, 6, 9, 0.7911162376403809], [9, 7, 9, -0.9024195075035095], [10, 7, 10, -0.9547839164733887]], "NID": 0, "LID": 11, "_id": 206, "_parents": [192]}, "vision": {"w": 2, "h": 2}}}