{"id": 86, "parents": [78], "fitnesses": {"closeness": 74.95046833368465}, "descriptors": {"speed": 11.371713377228257, "distance": 3.4196640950429478}, "genome": {"brain": {"nodes": [[11, "bsgm"]], "links": [[0, 0, 8, 0.3378775119781494], [1, 0, 9, -0.5344356298446655], [2, 0, 10, -0.20603469014167786], [3, 1, 9, -0.6458973288536072], [4, 1, 10, -1.0027512311935425], [5, 2, 9, 0.8131399154663086], [7, 3, 10, -0.33319783210754395], [8, 6, 9, 0.7911162376403809], [9, 7, 9, -0.9024195075035095], [10, 7, 10, -0.9129764437675476], [11, 3, 11, 1.0], [12, 11, 8, -0.8571075797080994]], "NID": 1, "LID": 13, "_id": 86, "_parents": [78]}, "vision": {"w": 2, "h": 2}}}