{"id": 53, "parents": [23], "fitnesses": {"closeness": 49.11014981488157}, "descriptors": {"speed": 12.585421050714688, "distance": 2.177810036937952}, "genome": {"brain": {"nodes": [], "links": [[0, 0, 8, 0.3378775119781494], [1, 0, 9, -0.5344356298446655], [2, 0, 10, -0.20603469014167786], [3, 1, 9, -0.6458973288536072], [4, 1, 10, -1.0028122663497925], [5, 2, 9, 0.8131399154663086], [6, 3, 8, -0.8571075797080994], [7, 3, 10, -0.33319783210754395], [8, 6, 9, 0.7911162376403809], [9, 7, 9, -0.9024195075035095], [10, 7, 10, -0.9283490180969238]], "NID": 0, "LID": 11, "_id": 53, "_parents": [23]}, "vision": {"w": 2, "h": 2}}}