{"id": 350, "parents": [111], "fitnesses": {"closeness": 44.83295031498312}, "descriptors": {"speed": 8.603806567981445, "distance": 1.8302791657787005}, "genome": {"brain": {"nodes": [], "links": [[0, 0, 8, 0.3378775119781494], [1, 0, 9, -0.5344356298446655], [2, 0, 10, -0.20603469014167786], [3, 1, 9, -0.6458973288536072], [4, 1, 10, -1.0027512311935425], [5, 2, 9, 0.8131399154663086], [6, 3, 8, -0.861264169216156], [7, 3, 10, -0.33319783210754395], [8, 6, 9, 0.7911162376403809], [9, 7, 9, -0.9024195075035095]], "NID": 0, "LID": 11, "_id": 350, "_parents": [111]}, "vision": {"w": 2, "h": 2}}}