{"id": 643, "parents": [476], "fitnesses": {"closeness": 61.49821791256637}, "descriptors": {"distance": 4.449228815038932, "max_velocity": 0.9767069905221907}, "genome": {"brain": {"nodes": [], "links": [[0, 0, 9, -0.8184727430343628], [1, 0, 10, 0.3103002905845642], [2, 1, 10, 0.4270401895046234], [3, 2, 10, 0.9377269744873047], [4, 3, 8, 0.12041036039590836], [5, 4, 10, 0.9316892027854919], [6, 5, 8, -0.1529272049665451], [7, 5, 9, 0.4359135031700134], [8, 5, 10, -0.6043839454650879], [9, 6, 8, 0.24538211524486542], [10, 7, 8, -0.5834446549415588], [11, 7, 10, -0.9499979019165039], [12, 4, 9, -0.29612985253334045]], "NID": 0, "LID": 13, "_id": 643, "_parents": [476]}, "vision": {"w": 2, "h": 2}}}