{"id": 721, "parents": [498], "fitnesses": {"closeness": 61.25005464169139}, "descriptors": {"distance": 2.5446649920051962, "max_velocity": 1.0215897190118286}, "genome": {"brain": {"nodes": [], "links": [[0, 0, 8, 0.3297271430492401], [1, 0, 9, -0.5344356298446655], [2, 0, 10, -0.20603469014167786], [3, 1, 9, -0.6458973288536072], [4, 1, 10, -1.0048452615737915], [5, 2, 9, 0.8131399154663086], [6, 3, 8, -0.8571075797080994], [7, 3, 10, -0.33319783210754395], [8, 6, 9, 0.7911162376403809], [9, 7, 9, -0.9024195075035095]], "NID": 0, "LID": 11, "_id": 721, "_parents": [498]}, "vision": {"w": 2, "h": 2}}}