{"id": 667, "parents": [488], "fitnesses": {"closeness": 62.04321191296477}, "descriptors": {"distance": 2.435113064080574, "max_velocity": 0.8802097372222835}, "genome": {"brain": {"nodes": [[11, "gaus"]], "links": [[0, 0, 8, 0.3312184512615204], [1, 0, 9, -0.5344356298446655], [2, 0, 10, -0.21347768604755402], [3, 1, 9, -0.6458973288536072], [5, 2, 9, 0.8131399154663086], [6, 3, 8, -0.8571075797080994], [7, 3, 10, -0.33319783210754395], [8, 6, 9, 0.7911162376403809], [9, 7, 9, -0.9024195075035095], [10, 7, 10, -0.9121511578559875], [11, 2, 8, 0.8943846225738525], [12, 1, 11, 1.0], [13, 11, 10, -1.0027512311935425]], "NID": 1, "LID": 14, "_id": 667, "_parents": [488]}, "vision": {"w": 2, "h": 2}}}