{"id": 457, "parents": [386], "fitnesses": {"closeness": 64.5167765556825}, "descriptors": {"distance": 3.442955452574568, "max_velocity": 0.8537746376221822}, "genome": {"brain": {"nodes": [[11, "gaus"]], "links": [[0, 0, 8, 0.33501628041267395], [1, 0, 9, -0.5344356298446655], [2, 0, 10, -0.20603469014167786], [3, 1, 9, -0.6458973288536072], [5, 2, 9, 0.8131399154663086], [6, 3, 8, -0.8571075797080994], [7, 3, 10, -0.33319783210754395], [8, 6, 9, 0.7911162376403809], [9, 7, 9, -0.9024195075035095], [10, 7, 10, -0.9121511578559875], [11, 2, 8, 0.8943846225738525], [12, 1, 11, 1.0], [13, 11, 10, -1.0027512311935425], [14, 2, 11, -0.19312579929828644]], "NID": 1, "LID": 15, "_id": 457, "_parents": [386]}, "vision": {"w": 2, "h": 2}}}