{"id": 463, "parents": [442], "fitnesses": {"closeness": 83.43633633067785}, "descriptors": {"distance": 4.084516951172616, "max_velocity": 0.7806042125600514}, "genome": {"brain": {"nodes": [], "links": [[0, 0, 8, 0.33896365761756897], [1, 0, 9, -0.5344356298446655], [2, 0, 10, -0.19229097664356232], [3, 1, 9, -0.6458973288536072], [5, 2, 9, 0.8131399154663086], [7, 3, 10, -0.33319783210754395], [8, 6, 9, 0.7911162376403809], [9, 7, 9, -0.9024195075035095], [10, 7, 10, -0.9326116442680359], [11, 6, 10, 0.14478017389774323]], "NID": 0, "LID": 12, "_id": 463, "_parents": [442]}, "vision": {"w": 3, "h": 2}}}