{"id": 528, "parents": [405], "fitnesses": {"closeness": 98.27003504991974}, "descriptors": {"distance": 3.451841568807155, "max_velocity": 0.7268926057185517}, "genome": {"brain": {"nodes": [], "links": [[0, 0, 8, 0.33277013897895813], [1, 0, 9, -0.5344356298446655], [2, 0, 10, -0.2025398313999176], [3, 1, 9, -0.6458973288536072], [4, 1, 10, -1.0073091983795166], [5, 2, 9, 0.8131399154663086], [7, 3, 10, -0.33319783210754395], [8, 6, 9, 0.7911162376403809], [9, 7, 9, -0.9024195075035095]], "NID": 0, "LID": 11, "_id": 528, "_parents": [405]}, "vision": {"w": 3, "h": 2}}}