{"id": 733, "parents": [481], "fitnesses": {"closeness": 97.89796481042168}, "descriptors": {"distance": 3.464345351399797, "max_velocity": 0.7589401218491527}, "genome": {"brain": {"nodes": [], "links": [[0, 0, 8, 0.33896365761756897], [1, 0, 9, -0.5344356298446655], [2, 0, 10, -0.20452694594860077], [3, 1, 9, -0.6458973288536072], [5, 2, 9, 0.8131399154663086], [7, 3, 10, -0.33319783210754395], [8, 6, 9, 0.7911162376403809], [9, 7, 9, -0.9024195075035095], [10, 7, 10, -0.9340102076530457], [11, 6, 10, 0.14478017389774323]], "NID": 0, "LID": 12, "_id": 733, "_parents": [481]}, "vision": {"w": 3, "h": 2}}}