{"id": 637, "parents": [474], "fitnesses": {"closeness": 95.09099575751516}, "descriptors": {"distance": 3.46349626143356, "max_velocity": 0.876208287009939}, "genome": {"brain": {"nodes": [], "links": [[0, 0, 8, 0.33896365761756897], [1, 0, 9, -0.5344356298446655], [2, 0, 10, -0.19182637333869934], [3, 1, 9, -0.6458973288536072], [5, 2, 9, 0.8131399154663086], [7, 3, 10, -0.33319783210754395], [8, 6, 9, 0.7911162376403809], [9, 7, 9, -0.9024195075035095], [10, 7, 10, -0.9326116442680359], [11, 6, 10, 0.15078096091747284]], "NID": 0, "LID": 12, "_id": 637, "_parents": [474]}, "vision": {"w": 3, "h": 2}}}