{"id": 766, "parents": [549], "fitnesses": {"closeness": 80.12512289041445}, "descriptors": {"distance": 2.9632162424241657, "max_velocity": 0.8017503593148655}, "genome": {"brain": {"nodes": [[11, "abs"]], "links": [[0, 0, 8, 0.34996870160102844], [1, 0, 9, -0.5344356298446655], [2, 0, 10, -0.2025398313999176], [3, 1, 9, -0.6458973288536072], [4, 1, 10, -1.0073091983795166], [7, 3, 10, -0.33319783210754395], [8, 6, 9, 0.7911162376403809], [9, 7, 9, -0.9024195075035095], [11, 2, 11, 1.0], [12, 11, 9, 0.8131399154663086]], "NID": 1, "LID": 13, "_id": 766, "_parents": [549]}, "vision": {"w": 3, "h": 2}}}