{"id": 549, "parents": [405], "fitnesses": {"closeness": 92.20145152840647}, "descriptors": {"distance": 3.8811006818209006, "max_velocity": 0.9537614633487063}, "genome": {"brain": {"nodes": [[11, "abs"]], "links": [[0, 0, 8, 0.33896365761756897], [1, 0, 9, -0.5344356298446655], [2, 0, 10, -0.2025398313999176], [3, 1, 9, -0.6458973288536072], [4, 1, 10, -1.0073091983795166], [7, 3, 10, -0.33319783210754395], [8, 6, 9, 0.7911162376403809], [9, 7, 9, -0.9024195075035095], [11, 2, 11, 1.0], [12, 11, 9, 0.8131399154663086]], "NID": 1, "LID": 13, "_id": 549, "_parents": [405]}, "vision": {"w": 3, "h": 2}}}