{"id": 392, "parents": [334], "fitnesses": {"closeness": 90.94340859077396}, "descriptors": {"distance": 3.4374333993598447, "max_velocity": 0.6854389908854389}, "genome": {"brain": {"nodes": [], "links": [[0, 0, 8, 0.3228614330291748], [1, 0, 9, -0.5344356298446655], [2, 0, 10, -0.19513289630413055], [3, 1, 9, -0.6458973288536072], [4, 1, 10, -1.0027512311935425], [5, 2, 9, 0.8131399154663086], [7, 3, 10, -0.33319783210754395], [8, 6, 9, 0.7911162376403809], [9, 7, 9, -0.9024195075035095], [10, 7, 10, -0.917954683303833], [11, 2, 8, 0.8704649209976196]], "NID": 0, "LID": 12, "_id": 392, "_parents": [334]}, "vision": {"w": 2, "h": 2}}}