{"id": 438, "parents": [317], "fitnesses": {"closeness": 81.44625957167706}, "descriptors": {"distance": 3.099543841087059, "max_velocity": 0.8832815984742662}, "genome": {"brain": {"nodes": [], "links": [[0, 0, 8, 0.33501628041267395], [1, 0, 9, -0.5344356298446655], [2, 0, 10, -0.1856144517660141], [3, 1, 9, -0.6458973288536072], [4, 1, 10, -1.002646803855896], [7, 3, 10, -0.33319783210754395], [8, 6, 9, 0.7911162376403809], [9, 7, 9, -0.9024195075035095], [10, 7, 10, -0.9241779446601868]], "NID": 0, "LID": 11, "_id": 438, "_parents": [317]}, "vision": {"w": 2, "h": 2}}}