{"id": 583, "parents": [559], "fitnesses": {"closeness": 72.83103317307761}, "descriptors": {"distance": 2.755028144571993, "max_velocity": 0.7339543608140776}, "genome": {"brain": {"nodes": [], "links": [[0, 0, 8, 0.3336201012134552], [1, 0, 9, -0.5344356298446655], [2, 0, 10, -0.19513289630413055], [3, 1, 9, -0.6458973288536072], [4, 1, 10, -1.0027512311935425], [5, 2, 9, 0.8131399154663086], [7, 3, 10, -0.33319783210754395], [8, 6, 9, 0.7911162376403809], [9, 7, 9, -0.9024195075035095], [10, 7, 10, -0.9297460913658142], [11, 2, 8, 0.8704649209976196]], "NID": 0, "LID": 12, "_id": 583, "_parents": [559]}, "vision": {"w": 2, "h": 2}}}