{"id": 377, "parents": [210], "fitnesses": {"closeness": 69.96184329191405}, "descriptors": {"distance": 3.3309802294959545, "max_velocity": 0.8529218729370538}, "genome": {"brain": {"nodes": [], "links": [[0, 0, 8, 0.3228614330291748], [1, 0, 9, -0.5344356298446655], [2, 0, 10, -0.20603469014167786], [3, 1, 9, -0.6458973288536072], [4, 1, 10, -1.0027512311935425], [5, 2, 9, 0.8131399154663086], [6, 3, 8, -0.8571075797080994], [7, 3, 10, -0.33319783210754395], [8, 6, 9, 0.7911162376403809], [9, 7, 9, -0.9024195075035095], [11, 2, 8, 0.8829565048217773]], "NID": 0, "LID": 12, "_id": 377, "_parents": [210]}, "vision": {"w": 2, "h": 2}}}