{"id": 521, "parents": [392], "fitnesses": {"closeness": 65.03272032721434}, "descriptors": {"distance": 2.450315635676172, "max_velocity": 0.8678946725867505}, "genome": {"brain": {"nodes": [], "links": [[0, 0, 8, 0.3228614330291748], [1, 0, 9, -0.5344356298446655], [2, 0, 10, -0.19513289630413055], [3, 1, 9, -0.6458973288536072], [4, 1, 10, -1.0027512311935425], [5, 2, 9, 0.8131399154663086], [7, 3, 10, -0.33319783210754395], [8, 6, 9, 0.7911162376403809], [9, 7, 9, -0.9024195075035095], [10, 7, 10, -0.917954683303833], [11, 2, 8, 0.8763579726219177]], "NID": 0, "LID": 12, "_id": 521, "_parents": [392]}, "vision": {"w": 2, "h": 2}}}