{"id": 663, "parents": [159], "fitnesses": {"closeness": 69.56914965560898}, "descriptors": {"distance": 3.5624771832539834, "max_velocity": 0.8640067085488413}, "genome": {"brain": {"nodes": [], "links": [[0, 0, 8, 0.33501628041267395], [1, 0, 9, -0.5344356298446655], [2, 0, 10, -0.20603469014167786], [3, 1, 9, -0.6458973288536072], [4, 1, 10, -0.9749609231948853], [7, 3, 10, -0.33319783210754395], [8, 6, 9, 0.7911162376403809], [9, 7, 9, -0.9024195075035095], [10, 7, 10, -0.9283490180969238]], "NID": 0, "LID": 11, "_id": 663, "_parents": [159]}, "vision": {"w": 2, "h": 2}}}