{"id": 317, "parents": [122], "fitnesses": {"closeness": 63.61088510978236}, "descriptors": {"distance": 4.6750737093932235, "max_velocity": 0.8652838021384383}, "genome": {"brain": {"nodes": [], "links": [[0, 0, 8, 0.33501628041267395], [1, 0, 9, -0.5344356298446655], [2, 0, 10, -0.1856144517660141], [3, 1, 9, -0.6458973288536072], [4, 1, 10, -1.0027512311935425], [7, 3, 10, -0.33319783210754395], [8, 6, 9, 0.7911162376403809], [9, 7, 9, -0.9024195075035095], [10, 7, 10, -0.9241779446601868]], "NID": 0, "LID": 11, "_id": 317, "_parents": [122]}, "vision": {"w": 2, "h": 2}}}