{"id": 495, "parents": [185], "fitnesses": {"closeness": 60.248176013936686}, "descriptors": {"distance": 2.9313977502849347, "max_velocity": 1.0660620067599313}, "genome": {"brain": {"nodes": [[11, "bsgm"]], "links": [[1, 0, 9, -0.5344356298446655], [2, 0, 10, -0.20603469014167786], [3, 1, 9, -0.6458973288536072], [4, 1, 10, -1.0027512311935425], [5, 2, 9, 0.8131399154663086], [6, 3, 8, -0.8571075797080994], [7, 3, 10, -0.33319783210754395], [8, 6, 9, 0.7911162376403809], [9, 7, 9, -0.9024195075035095], [10, 7, 10, -0.9283490180969238], [11, 2, 8, 0.8829565048217773], [12, 0, 11, 1.0], [13, 11, 8, 0.3228614330291748]], "NID": 1, "LID": 14, "_id": 495, "_parents": [185]}, "vision": {"w": 2, "h": 2}}}