{"id": 159, "parents": [110], "fitnesses": {"closeness": 64.04160529463326}, "descriptors": {"distance": 4.973411539694208, "max_velocity": 0.8371135334572543}, "genome": {"brain": {"nodes": [], "links": [[0, 0, 8, 0.33501628041267395], [1, 0, 9, -0.5344356298446655], [2, 0, 10, -0.20603469014167786], [3, 1, 9, -0.6458973288536072], [4, 1, 10, -1.0019850730895996], [7, 3, 10, -0.33319783210754395], [8, 6, 9, 0.7911162376403809], [9, 7, 9, -0.9024195075035095], [10, 7, 10, -0.9283490180969238]], "NID": 0, "LID": 11, "_id": 159, "_parents": [110]}, "vision": {"w": 2, "h": 2}}}