{"id": 760, "parents": [331], "fitnesses": {"closeness": 79.23081476446352}, "descriptors": {"distance": 4.2584740755685875, "max_velocity": 0.7799260685941497}, "genome": {"brain": {"nodes": [], "links": [[0, 0, 8, 0.3228614330291748], [1, 0, 9, -0.5344356298446655], [2, 0, 10, -0.20603469014167786], [3, 1, 9, -0.6458973288536072], [5, 2, 9, 0.8131399154663086], [7, 3, 10, -0.33319783210754395], [8, 6, 9, 0.7911162376403809], [9, 7, 9, -0.9024195075035095], [10, 7, 10, -0.917954683303833], [11, 2, 8, 0.8829565048217773]], "NID": 0, "LID": 12, "_id": 760, "_parents": [331]}, "vision": {"w": 2, "h": 2}}}