{"id": 427, "parents": [331], "fitnesses": {"closeness": 66.08101111302588}, "descriptors": {"distance": 2.484719082885459, "max_velocity": 1.1001176923701534}, "genome": {"brain": {"nodes": [], "links": [[0, 0, 8, 0.3228614330291748], [1, 0, 9, -0.5344356298446655], [2, 0, 10, -0.20603469014167786], [3, 1, 9, -0.6458973288536072], [4, 1, 10, -1.0046966075897217], [5, 2, 9, 0.8131399154663086], [7, 3, 10, -0.33319783210754395], [8, 6, 9, 0.7911162376403809], [9, 7, 9, -0.9024195075035095], [10, 7, 10, -0.917954683303833], [11, 2, 8, 0.8866288661956787]], "NID": 0, "LID": 12, "_id": 427, "_parents": [331]}, "vision": {"w": 2, "h": 2}}}