{"id": 579, "parents": [427], "fitnesses": {"closeness": 89.29451228035316}, "descriptors": {"distance": 3.367733378835849, "max_velocity": 0.7458316780505646}, "genome": {"brain": {"nodes": [], "links": [[0, 0, 8, 0.3228614330291748], [1, 0, 9, -0.5344356298446655], [2, 0, 10, -0.20603469014167786], [3, 1, 9, -0.6458973288536072], [4, 1, 10, -1.0046966075897217], [5, 2, 9, 0.8131399154663086], [7, 3, 10, -0.33319783210754395], [8, 6, 9, 0.7911162376403809], [9, 7, 9, -0.9024195075035095], [10, 7, 10, -0.9241389632225037], [11, 2, 8, 0.8866288661956787]], "NID": 0, "LID": 12, "_id": 579, "_parents": [427]}, "vision": {"w": 2, "h": 2}}}