id,fitnesses,EdgePerNodeRatio,estimated_mean_z
188006,80.98039215686275,2.59375,0.08984971614861086
114376,81.73570261437908,2.59375,0.0843217888215709
