{"id": 1447, "parents": [1218], "fitnesses": {"brightness": 100.0}, "descriptors": {"distance": 3.8805993912056245, "white_gazing": 1}, "genome": {"brain": {"nodes": [], "links": [[0, 0, 8, 0.35117098689079285], [1, 0, 9, -0.5344356298446655], [2, 0, 10, -0.20603469014167786], [3, 1, 9, -0.6458973288536072], [4, 1, 10, -1.00385320186615], [7, 3, 10, -0.33319783210754395], [8, 6, 9, 0.7911162376403809], [9, 7, 9, -0.9024195075035095], [10, 7, 10, -0.9283695816993713]], "NID": 0, "LID": 11, "_id": 1447, "_parents": [1218]}, "vision": {"w": 2, "h": 2}}}