{"id": 57, "parents": [13], "fitnesses": {"closeness": 67.72847474071051}, "descriptors": {"distance": 2.557759271267428, "max_velocity": 9.292766087828998}, "genome": {"brain": {"nodes": [], "links": [[0, 0, 8, 0.35252073407173157], [1, 0, 9, -0.5344356298446655], [2, 0, 10, -0.20603469014167786], [3, 1, 9, -0.6458973288536072], [4, 1, 10, -1.0027512311935425], [5, 2, 9, 0.8131399154663086], [6, 3, 8, -0.8571075797080994], [7, 3, 10, -0.33319783210754395], [8, 6, 9, 0.7911162376403809], [9, 7, 9, -0.9024195075035095], [10, 7, 10, -0.9283490180969238]], "NID": 0, "LID": 11, "_id": 57, "_parents": [13]}, "vision": {"w": 2, "h": 2}}}