{"id": 111, "parents": [82], "fitnesses": {"closeness": 73.1396628609771}, "descriptors": {"distance": 2.968371275723499, "max_velocity": 11.051510211325681}, "genome": {"brain": {"nodes": [], "links": [[0, 0, 8, 0.33501628041267395], [1, 0, 9, -0.5344356298446655], [2, 0, 10, -0.20603469014167786], [3, 1, 9, -0.6458973288536072], [4, 1, 10, -1.0053327083587646], [5, 2, 9, 0.841445803642273], [6, 3, 8, -0.8571075797080994], [7, 3, 10, -0.33319783210754395], [8, 6, 9, 0.7911162376403809], [9, 7, 9, -0.9024195075035095], [10, 7, 10, -0.9283490180969238], [11, 2, 8, -0.1230914518237114]], "NID": 0, "LID": 12, "_id": 111, "_parents": [82]}, "vision": {"w": 2, "h": 2}}}