{"id": 112, "parents": [13], "fitnesses": {"closeness": 67.03245065154906}, "descriptors": {"distance": 2.52101897049734, "max_velocity": 10.989568262155636}, "genome": {"brain": {"nodes": [], "links": [[0, 0, 8, 0.33501628041267395], [1, 0, 9, -0.5344356298446655], [2, 0, 10, -0.20603469014167786], [3, 1, 9, -0.6458973288536072], [4, 1, 10, -1.0027512311935425], [5, 2, 9, 0.8131399154663086], [6, 3, 8, -0.8571075797080994], [7, 3, 10, -0.33319783210754395], [8, 6, 9, 0.7911162376403809], [9, 7, 9, -0.9024195075035095], [10, 7, 10, -0.9283490180969238], [11, 4, 8, 0.07585866749286652]], "NID": 0, "LID": 12, "_id": 112, "_parents": [13]}, "vision": {"w": 2, "h": 2}}}