{"id": 457, "parents": [253], "fitnesses": {"closeness": 65.29144552190508}, "descriptors": {"distance": 2.455196483003344, "max_velocity": 12.722238835100658}, "genome": {"brain": {"nodes": [], "links": [[1, 0, 9, -0.5344356298446655], [2, 0, 10, -0.20603469014167786], [3, 1, 9, -0.6458973288536072], [4, 1, 10, -1.0053327083587646], [5, 2, 9, 0.8131399154663086], [6, 3, 8, -0.8571075797080994], [7, 3, 10, -0.33319783210754395], [8, 6, 9, 0.7911162376403809], [9, 7, 9, -0.9024195075035095], [10, 7, 10, -0.9337084889411926], [11, 2, 8, -0.12348759174346924]], "NID": 0, "LID": 12, "_id": 457, "_parents": [253]}, "vision": {"w": 2, "h": 2}}}