{"id": 192, "parents": [168], "fitnesses": {"closeness": 70.49979690282497}, "descriptors": {"distance": 2.793956502717555, "max_velocity": 8.689605930770213}, "genome": {"brain": {"nodes": [], "links": [[0, 0, 8, 0.33501628041267395], [1, 0, 9, -0.5344356298446655], [2, 0, 10, -0.20603469014167786], [3, 1, 9, -0.6458973288536072], [4, 1, 10, -1.0027512311935425], [5, 2, 9, 0.8131399154663086], [6, 3, 8, -0.8404362201690674], [7, 3, 10, -0.33319783210754395], [8, 6, 9, 0.7911162376403809], [9, 7, 9, -0.9024195075035095]], "NID": 0, "LID": 11, "_id": 192, "_parents": [168]}, "vision": {"w": 2, "h": 2}}}