{"id": 163, "parents": [77], "fitnesses": {"closeness": 82.89797797143989}, "descriptors": {"distance": 3.151175272337456, "max_velocity": 8.180987159946286}, "genome": {"brain": {"nodes": [], "links": [[0, 0, 8, 0.33501628041267395], [1, 0, 9, -0.5344356298446655], [2, 0, 10, -0.219497948884964], [3, 1, 9, -0.6458973288536072], [4, 1, 10, -1.0027512311935425], [5, 2, 9, 0.8131399154663086], [6, 3, 8, -0.8404362201690674], [7, 3, 10, -0.33319783210754395], [8, 6, 9, 0.7911162376403809], [9, 7, 9, -0.9024195075035095], [10, 7, 10, -0.9283490180969238]], "NID": 0, "LID": 11, "_id": 163, "_parents": [77]}, "vision": {"w": 2, "h": 2}}}