{"id": 615, "parents": [418], "fitnesses": {"closeness": 97.00998672694831}, "descriptors": {"distance": 3.4475361066503956, "white_gazing": 0.2781065088757397}, "genome": {"brain": {"nodes": [], "links": [[0, 0, 8, 0.3327042758464813], [1, 0, 9, -0.5344356298446655], [3, 1, 9, -0.6458973288536072], [4, 1, 10, -1.0027512311935425], [5, 2, 9, 0.8131399154663086], [7, 3, 10, -0.33319783210754395], [8, 6, 9, 0.7911162376403809], [9, 7, 9, -0.9024195075035095]], "NID": 0, "LID": 11, "_id": 615, "_parents": [418]}, "vision": {"w": 2, "h": 2}}}