{"id": 253, "parents": [198], "fitnesses": {"closeness": 81.50762534047958}, "descriptors": {"distance": 3.140685372867755, "white_gazing": 0.18090452261306533}, "genome": {"brain": {"nodes": [], "links": [[0, 0, 9, -0.8184727430343628], [1, 0, 10, 0.3064071536064148], [2, 1, 10, 0.4396558403968811], [3, 2, 10, 0.9426276683807373], [4, 3, 8, 0.12535271048545837], [5, 4, 10, 0.9316892027854919], [6, 5, 8, -0.1372574120759964], [7, 5, 9, 0.4359135031700134], [8, 5, 10, -0.6043839454650879], [9, 6, 8, 0.24538211524486542], [10, 7, 8, -0.5898024439811707], [11, 7, 10, -0.9570009112358093]], "NID": 0, "LID": 12, "_id": 253, "_parents": [198]}, "vision": {"w": 2, "h": 2}}}