{"id": 669, "parents": [643], "fitnesses": {"closeness": 91.26336436666425}, "descriptors": {"distance": 3.3499875213349655, "white_gazing": 0.48743718592964824}, "genome": {"brain": {"nodes": [[11, "bsgm"]], "links": [[1, 0, 9, -0.5344356298446655], [2, 0, 10, -0.20603469014167786], [3, 1, 9, -0.6458973288536072], [4, 1, 10, -1.0027512311935425], [5, 2, 9, 0.8131399154663086], [7, 3, 10, -0.33319783210754395], [8, 6, 9, 0.7911162376403809], [9, 7, 9, -0.9024195075035095], [10, 7, 10, -0.9283490180969238], [11, 0, 11, 1.0], [12, 11, 8, 0.3433277904987335]], "NID": 1, "LID": 13, "_id": 669, "_parents": [643]}, "vision": {"w": 2, "h": 2}}}