{"id": 737, "parents": [648], "fitnesses": {"closeness": 97.75091765859867}, "descriptors": {"distance": 3.475228075661579, "white_gazing": 0.3061224489795918}, "genome": {"brain": {"nodes": [], "links": [[0, 0, 8, 0.3327042758464813], [1, 0, 9, -0.5344356298446655], [3, 1, 9, -0.6458973288536072], [4, 1, 10, -1.0027512311935425], [5, 2, 9, 0.8131399154663086], [7, 3, 10, -0.33319783210754395], [8, 6, 9, 0.7911162376403809], [11, 0, 10, -0.7221238017082214]], "NID": 0, "LID": 12, "_id": 737, "_parents": [648]}, "vision": {"w": 2, "h": 2}}}