{"id": 750, "parents": [578], "fitnesses": {"closeness": 82.23917517981347}, "descriptors": {"distance": 3.6747431814495526, "white_gazing": 0.18592964824120603}, "genome": {"brain": {"nodes": [], "links": [[0, 0, 9, -0.8184727430343628], [1, 0, 10, 0.3103002905845642], [2, 1, 10, 0.4245108664035797], [3, 2, 10, 0.9325441122055054], [4, 3, 8, 0.12535271048545837], [5, 4, 10, 0.9316892027854919], [6, 5, 8, -0.1372574120759964], [7, 5, 9, 0.4359135031700134], [8, 5, 10, -0.6043839454650879], [9, 6, 8, 0.23319442570209503], [10, 7, 8, -0.5944666266441345], [11, 7, 10, -0.9499979019165039]], "NID": 0, "LID": 12, "_id": 750, "_parents": [578]}, "vision": {"w": 2, "h": 2}}}