{"id": 849, "parents": [597], "fitnesses": {"closeness": 65.3797170876167}, "descriptors": {"distance": 2.93024331962643, "white_gazing": 0.3869346733668342}, "genome": {"brain": {"nodes": [], "links": [[0, 0, 8, 0.32955753803253174], [1, 0, 9, -0.5344356298446655], [2, 0, 10, -0.21502453088760376], [3, 1, 9, -0.6458973288536072], [4, 1, 10, -1.0010827779769897], [5, 2, 9, 0.8131399154663086], [6, 3, 8, -0.8571075797080994], [7, 3, 10, -0.33319783210754395], [8, 6, 9, 0.7911162376403809], [9, 7, 9, -0.9024195075035095], [10, 7, 10, -0.9424380660057068], [11, 6, 8, -0.10141146928071976]], "NID": 0, "LID": 12, "_id": 849, "_parents": [597]}, "vision": {"w": 2, "h": 2}}}