{"id": 912, "parents": [722], "fitnesses": {"closeness": 89.88194817606187}, "descriptors": {"distance": 3.4547665039672304, "white_gazing": 0.26111111111111107}, "genome": {"brain": {"nodes": [], "links": [[0, 0, 8, 0.33501628041267395], [1, 0, 9, -0.5344356298446655], [3, 1, 9, -0.6458973288536072], [5, 2, 9, 0.8131399154663086], [7, 3, 10, -0.33319783210754395], [8, 6, 9, 0.7911162376403809], [9, 7, 9, -0.9024195075035095], [10, 7, 10, -0.9283490180969238]], "NID": 0, "LID": 11, "_id": 912, "_parents": [722]}, "vision": {"w": 2, "h": 2}}}