{"id": 600, "parents": [65], "fitnesses": {"closeness": 67.388889372783}, "descriptors": {"distance": 2.5451415142821836, "white_gazing": 0.21608040201005024}, "genome": {"brain": {"nodes": [], "links": [[0, 0, 8, 0.3433277904987335], [1, 0, 9, -0.5344356298446655], [2, 0, 10, -0.20603469014167786], [3, 1, 9, -0.6458973288536072], [4, 1, 10, -1.0027512311935425], [5, 2, 9, 0.8131399154663086], [6, 3, 8, -0.8584101796150208], [7, 3, 10, -0.33319783210754395], [8, 6, 9, 0.7911162376403809], [9, 7, 9, -0.9024195075035095], [10, 7, 10, -0.9342923164367676]], "NID": 0, "LID": 11, "_id": 600, "_parents": [65]}, "vision": {"w": 2, "h": 2}}}