{"id": 840, "parents": [205], "fitnesses": {"closeness": 66.22508178564783}, "descriptors": {"distance": 2.4986428248101182, "white_gazing": 0.13567839195979897}, "genome": {"brain": {"nodes": [], "links": [[0, 0, 8, 0.33690065145492554], [1, 0, 9, -0.5344356298446655], [2, 0, 10, -0.22912314534187317], [3, 1, 9, -0.6458973288536072], [4, 1, 10, -1.0027512311935425], [5, 2, 9, 0.8131399154663086], [6, 3, 8, -0.8571075797080994], [7, 3, 10, -0.33319783210754395], [8, 6, 9, 0.7911162376403809], [9, 7, 9, -0.9024195075035095], [10, 7, 10, -0.9277581572532654]], "NID": 0, "LID": 11, "_id": 840, "_parents": [205]}, "vision": {"w": 2, "h": 2}}}