{"id": 894, "parents": [278], "fitnesses": {"closeness": 67.56432626590608}, "descriptors": {"distance": 2.992553829586907, "white_gazing": 0.22613065326633164}, "genome": {"brain": {"nodes": [[11, "abs"]], "links": [[0, 0, 8, 0.3312866985797882], [1, 0, 9, -0.5344356298446655], [2, 0, 10, -0.20603469014167786], [3, 1, 9, -0.6458973288536072], [5, 2, 9, 0.8131399154663086], [6, 3, 8, -0.8571075797080994], [7, 3, 10, -0.33319783210754395], [8, 6, 9, 0.7911162376403809], [9, 7, 9, -0.9024195075035095], [10, 7, 10, -0.9277581572532654], [11, 1, 11, 1.0125676393508911], [12, 11, 10, -1.0027512311935425]], "NID": 1, "LID": 13, "_id": 894, "_parents": [278]}, "vision": {"w": 2, "h": 2}}}