{"id": 721, "parents": [252], "fitnesses": {"closeness": 61.433821316502375}, "descriptors": {"distance": 2.3911068638132607, "white_gazing": 0.3165829145728643}, "genome": {"brain": {"nodes": [], "links": [[0, 0, 8, 0.33501628041267395], [1, 0, 9, -0.5344356298446655], [2, 0, 10, -0.20603469014167786], [3, 1, 9, -0.6458973288536072], [4, 1, 10, -1.0027512311935425], [5, 2, 9, 0.8131399154663086], [6, 3, 8, -0.8307583928108215], [7, 3, 10, -0.33319783210754395], [8, 6, 9, 0.7911162376403809], [9, 7, 9, -0.9024195075035095], [10, 7, 10, -0.9258238673210144]], "NID": 0, "LID": 11, "_id": 721, "_parents": [252]}, "vision": {"w": 2, "h": 2}}}