{"id": 979, "parents": [912], "fitnesses": {"closeness": 91.6154917069445}, "descriptors": {"distance": 3.4602869150821256, "white_gazing": 0.4120603015075377}, "genome": {"brain": {"nodes": [], "links": [[0, 0, 8, 0.33501628041267395], [1, 0, 9, -0.5344356298446655], [3, 1, 9, -0.6458973288536072], [5, 2, 9, 0.8131399154663086], [7, 3, 10, -0.33319783210754395], [8, 6, 9, 0.7911162376403809], [9, 7, 9, -0.9024195075035095], [10, 7, 10, -0.9307852983474731]], "NID": 0, "LID": 11, "_id": 979, "_parents": [912]}, "vision": {"w": 2, "h": 2}}}