{"id": 962, "parents": [240], "fitnesses": {"closeness": 91.76965218406684}, "descriptors": {"distance": 3.4585339627473752, "white_gazing": 0.3223684210526316}, "genome": {"brain": {"nodes": [], "links": [[0, 0, 8, 0.33501628041267395], [1, 0, 9, -0.5344356298446655], [2, 0, 10, -0.20403704047203064], [3, 1, 9, -0.6458973288536072], [4, 1, 10, -1.0027512311935425], [5, 2, 9, 0.8131399154663086], [7, 3, 10, -0.33319783210754395], [8, 6, 9, 0.7911162376403809]], "NID": 0, "LID": 11, "_id": 962, "_parents": [240]}, "vision": {"w": 2, "h": 2}}}