{"id": 459, "parents": [66], "fitnesses": {"closeness": 64.55766819393989}, "descriptors": {"distance": 2.766483499148211, "white_gazing": 0.29145728643216084}, "genome": {"brain": {"nodes": [[11, "sin"]], "links": [[0, 0, 9, -0.8184727430343628], [1, 0, 10, 0.3103002905845642], [3, 2, 10, 0.9377269744873047], [4, 3, 8, 0.12535271048545837], [5, 4, 10, 0.9316892027854919], [7, 5, 9, 0.4359135031700134], [8, 5, 10, -0.6043839454650879], [9, 6, 8, 0.24538211524486542], [10, 7, 8, -0.5830422043800354], [11, 7, 10, -0.9499979019165039], [12, 1, 11, 1.0], [13, 11, 10, 0.4416286051273346]], "NID": 1, "LID": 14, "_id": 459, "_parents": [66]}, "vision": {"w": 2, "h": 2}}}