{"id": 245, "parents": [127], "fitnesses": {"closeness": 80.65320742253137}, "descriptors": {"dir_changes": 12.589334799340296, "white_gazing": 0.2663316582914573}, "genome": {"brain": {"nodes": [[11, "step"]], "links": [[0, 0, 9, -0.8184727430343628], [1, 0, 10, 0.3103002905845642], [3, 2, 10, 0.9377269744873047], [4, 3, 8, 0.12535271048545837], [5, 4, 10, 0.9316892027854919], [6, 5, 8, -0.1529272049665451], [7, 5, 9, 0.4359135031700134], [8, 5, 10, -0.6043839454650879], [9, 6, 8, 0.24538211524486542], [10, 7, 8, -0.5898024439811707], [11, 7, 10, -0.94138103723526], [12, 1, 11, 1.0], [13, 11, 10, 0.4416286051273346]], "NID": 1, "LID": 14, "_id": 245, "_parents": [127]}, "vision": {"w": 2, "h": 2}}}