{"id": 55, "parents": [13], "fitnesses": {"closeness": 61.685490935522616}, "descriptors": {"max_velocity": 8.557665751700895, "dir_changes": 1.4}, "genome": {"brain": {"nodes": [], "links": [[0, 0, 8, 0.33501628041267395], [1, 0, 9, -0.5344356298446655], [2, 0, 10, -0.20603469014167786], [3, 1, 9, -0.6458973288536072], [4, 1, 10, -1.017622947692871], [5, 2, 9, 0.8131399154663086], [6, 3, 8, -0.8571075797080994], [7, 3, 10, -0.33319783210754395], [8, 6, 9, 0.7911162376403809], [9, 7, 9, -0.9024195075035095], [10, 7, 10, -0.9283490180969238]], "NID": 0, "LID": 11, "_id": 55, "_parents": [13]}, "vision": {"w": 2, "h": 2}}}