{"id": 343, "parents": [281], "fitnesses": {"closeness": 87.42672232276044}, "descriptors": {"distance": 3.383564625303782, "white_gazing": 0.2613065326633166}, "genome": {"brain": {"nodes": [[11, "gaus"]], "links": [[0, 0, 8, 0.3413420021533966], [1, 0, 9, -0.5344356298446655], [2, 0, 10, -0.20603469014167786], [3, 1, 9, -0.6458973288536072], [4, 1, 10, -1.0118541717529297], [5, 2, 9, 0.8131399154663086], [7, 3, 10, -0.33319783210754395], [8, 6, 9, 0.7911162376403809], [9, 7, 9, -0.9024195075035095], [11, 7, 11, 1.0], [12, 11, 10, -0.9503321647644043]], "NID": 1, "LID": 13, "_id": 343, "_parents": [281]}, "vision": {"w": 2, "h": 2}}}