{"id": 362, "parents": [266], "fitnesses": {"closeness": 84.99874840710446}, "descriptors": {"distance": 3.5715859261680842, "white_gazing": 0.31155778894472363}, "genome": {"brain": {"nodes": [], "links": [[0, 0, 8, 0.33301016688346863], [1, 0, 9, -0.5344356298446655], [2, 0, 10, -0.20603469014167786], [3, 1, 9, -0.6458973288536072], [4, 1, 10, -0.9958056211471558], [7, 3, 10, -0.33319783210754395], [8, 6, 9, 0.7911162376403809], [9, 7, 9, -0.9024195075035095], [10, 7, 10, -0.9283490180969238]], "NID": 0, "LID": 11, "_id": 362, "_parents": [266]}, "vision": {"w": 2, "h": 2}}}