{"id": 190, "parents": [161], "fitnesses": {"closeness": 88.52780472049554}, "descriptors": {"distance": 3.2460893324690714, "white_gazing": 0.5427135678391959}, "genome": {"brain": {"nodes": [], "links": [[0, 0, 8, 0.3413420021533966], [1, 0, 9, -0.5344356298446655], [2, 0, 10, -0.20603469014167786], [3, 1, 9, -0.6458973288536072], [4, 1, 10, -1.0027512311935425], [7, 3, 10, -0.33319783210754395], [8, 6, 9, 0.7911162376403809], [9, 7, 9, -0.9024195075035095], [10, 7, 10, -0.9283490180969238]], "NID": 0, "LID": 11, "_id": 190, "_parents": [161]}, "vision": {"w": 2, "h": 2}}}