{"id": 335, "parents": [211], "fitnesses": {"closeness": 86.88558811153864}, "descriptors": {"distance": 3.2186095091012685, "white_gazing": 0.21105527638190955}, "genome": {"brain": {"nodes": [], "links": [[0, 0, 8, 0.3413420021533966], [1, 0, 9, -0.5344356298446655], [2, 0, 10, -0.21354736387729645], [3, 1, 9, -0.6458973288536072], [4, 1, 10, -1.0027512311935425], [5, 2, 9, 0.8131399154663086], [7, 3, 10, -0.33319783210754395], [8, 6, 9, 0.7911162376403809], [9, 7, 9, -0.9024195075035095]], "NID": 0, "LID": 11, "_id": 335, "_parents": [211]}, "vision": {"w": 2, "h": 2}}}