{"id": 321, "parents": [290], "fitnesses": {"closeness": 89.11215330917356}, "descriptors": {"distance": 3.8257188198065286, "white_gazing": 0.12562814070351758}, "genome": {"brain": {"nodes": [], "links": [[0, 0, 8, 0.3413420021533966], [1, 0, 9, -0.5344356298446655], [2, 0, 10, -0.20603469014167786], [3, 1, 9, -0.6458973288536072], [4, 1, 10, -1.0027512311935425], [7, 3, 10, -0.33319783210754395], [9, 7, 9, -0.9024195075035095], [10, 7, 10, -0.9283490180969238]], "NID": 0, "LID": 11, "_id": 321, "_parents": [290]}, "vision": {"w": 2, "h": 2}}}