{"id": 48, "parents": [39], "fitnesses": {"closeness": 74.25635849442402}, "descriptors": {"distance": 2.8109983165574643, "max_velocity": 0.9258360723183936}, "genome": {"brain": {"nodes": [], "links": [[0, 0, 8, 0.33501628041267395], [1, 0, 9, -0.5344356298446655], [2, 0, 10, -0.20491059124469757], [3, 1, 9, -0.6458973288536072], [4, 1, 10, -1.0027512311935425], [5, 2, 9, 0.8131399154663086], [6, 3, 8, -0.8603909611701965], [7, 3, 10, -0.33319783210754395], [8, 6, 9, 0.7911162376403809], [9, 7, 9, -0.9024195075035095], [10, 7, 10, -0.9283490180969238]], "NID": 0, "LID": 11, "_id": 48, "_parents": [39]}, "vision": {"w": 2, "h": 2}}}