{"id": 381, "parents": [367], "fitnesses": {"closeness": 76.46937567539052}, "descriptors": {"distance": 3.0033656581338457, "max_velocity": 0.8648467219597497}, "genome": {"brain": {"nodes": [], "links": [[1, 0, 9, -0.5344356298446655], [2, 0, 10, -0.20189906656742096], [3, 1, 9, -0.6458973288536072], [4, 1, 10, -1.0027512311935425], [5, 2, 9, 0.8131399154663086], [6, 3, 8, -0.851202666759491], [7, 3, 10, -0.33319783210754395], [8, 6, 9, 0.7911162376403809], [9, 7, 9, -0.9024195075035095], [10, 7, 10, -0.9235366582870483]], "NID": 0, "LID": 11, "_id": 381, "_parents": [367]}, "vision": {"w": 2, "h": 2}}}