{"id": 347, "parents": [78], "fitnesses": {"closeness": 62.00851988076158}, "descriptors": {"distance": 2.7060534752211063, "max_velocity": 1.130118092528295}, "genome": {"brain": {"nodes": [[11, "bsgm"]], "links": [[0, 0, 8, 0.33501628041267395], [1, 0, 9, -0.5344356298446655], [2, 0, 10, -0.20491059124469757], [3, 1, 9, -0.6458973288536072], [4, 1, 10, -1.0027512311935425], [5, 2, 9, 0.8131399154663086], [7, 3, 10, -0.33319783210754395], [8, 6, 9, 0.7911162376403809], [9, 7, 9, -0.9024195075035095], [10, 7, 10, -0.9283490180969238], [11, 3, 11, 1.0], [12, 11, 8, -0.8478165864944458]], "NID": 1, "LID": 13, "_id": 347, "_parents": [78]}, "vision": {"w": 2, "h": 2}}}