{"id": 132, "parents": [81], "fitnesses": {"closeness": 66.68360056957053}, "descriptors": {"distance": 2.5110903244417813, "max_velocity": 1.0469157396192008}, "genome": {"brain": {"nodes": [], "links": [[0, 0, 8, 0.34270256757736206], [1, 0, 9, -0.5344356298446655], [2, 0, 10, -0.20491059124469757], [3, 1, 9, -0.6458973288536072], [4, 1, 10, -1.0027512311935425], [5, 2, 9, 0.8131399154663086], [6, 3, 8, -0.8571075797080994], [7, 3, 10, -0.33319783210754395], [8, 6, 9, 0.7911162376403809], [9, 7, 9, -0.9024195075035095]], "NID": 0, "LID": 11, "_id": 132, "_parents": [81]}, "vision": {"w": 2, "h": 2}}}