{"id": 367, "parents": [238], "fitnesses": {"closeness": 61.72264597228552}, "descriptors": {"distance": 2.4606481069498645, "max_velocity": 1.1483726066805824}, "genome": {"brain": {"nodes": [], "links": [[1, 0, 9, -0.5344356298446655], [2, 0, 10, -0.20189906656742096], [3, 1, 9, -0.6458973288536072], [4, 1, 10, -1.0027512311935425], [5, 2, 9, 0.8131399154663086], [6, 3, 8, -0.8581635355949402], [7, 3, 10, -0.33319783210754395], [8, 6, 9, 0.7911162376403809], [9, 7, 9, -0.9024195075035095], [10, 7, 10, -0.9235366582870483]], "NID": 0, "LID": 11, "_id": 367, "_parents": [238]}, "vision": {"w": 2, "h": 2}}}