{"id": 265, "parents": [211], "fitnesses": {"closeness": 63.931295782151736}, "descriptors": {"distance": 2.934406205589545, "max_velocity": 0.7869019385265938}, "genome": {"brain": {"nodes": [], "links": [[0, 0, 8, 0.33501628041267395], [1, 0, 9, -0.5344356298446655], [2, 0, 10, -0.2116762399673462], [3, 1, 9, -0.6458973288536072], [4, 1, 10, -1.0027512311935425], [5, 2, 9, 0.8131399154663086], [6, 3, 8, -0.8571075797080994], [7, 3, 10, -0.33319783210754395], [8, 6, 9, 0.7911162376403809], [9, 7, 9, -0.9024195075035095], [10, 7, 10, -0.9235366582870483]], "NID": 0, "LID": 11, "_id": 265, "_parents": [211]}, "vision": {"w": 2, "h": 2}}}