{"id": 663, "parents": [464], "fitnesses": {"closeness": 80.27210466987428}, "descriptors": {"distance": 2.9528728404107305, "max_velocity": 0.8406452551684263}, "genome": {"brain": {"nodes": [], "links": [[0, 0, 8, 0.33501628041267395], [1, 0, 9, -0.5344356298446655], [2, 0, 10, -0.20603469014167786], [3, 1, 9, -0.6458973288536072], [7, 3, 10, -0.33319783210754395], [8, 6, 9, 0.7911162376403809], [9, 7, 9, -0.9119639992713928], [10, 7, 10, -0.925541341304779], [11, 4, 8, -0.031757138669490814]], "NID": 0, "LID": 12, "_id": 663, "_parents": [464]}, "vision": {"w": 2, "h": 2}}}