{"id": 540, "parents": [501], "fitnesses": {"closeness": 80.11183075103624}, "descriptors": {"distance": 3.1639460531782566, "max_velocity": 0.9233024411185418}, "genome": {"brain": {"nodes": [], "links": [[0, 0, 8, 0.33501628041267395], [1, 0, 9, -0.5344356298446655], [2, 0, 10, -0.18726325035095215], [3, 1, 9, -0.6458973288536072], [7, 3, 10, -0.33319783210754395], [8, 6, 9, 0.7911162376403809], [9, 7, 9, -0.9024195075035095], [10, 7, 10, -0.9199469685554504], [11, 1, 10, 0.0998367890715599]], "NID": 0, "LID": 12, "_id": 540, "_parents": [501]}, "vision": {"w": 2, "h": 2}}}