{"id": 664, "parents": [653], "fitnesses": {"closeness": 98.23252235949604}, "descriptors": {"distance": 3.4433877780416995, "max_velocity": 0.9647840014544469}, "genome": {"brain": {"nodes": [], "links": [[0, 0, 8, 0.33501628041267395], [2, 0, 10, -0.2087147831916809], [3, 1, 9, -0.6458973288536072], [7, 3, 10, -0.33319783210754395], [8, 6, 9, 0.7911162376403809], [9, 7, 9, -0.9024195075035095], [10, 7, 10, -0.9363417625427246]], "NID": 0, "LID": 11, "_id": 664, "_parents": [653]}, "vision": {"w": 2, "h": 2}}}