{"id": 414, "parents": [99], "fitnesses": {"closeness": 90.95808385621216}, "descriptors": {"distance": 3.4357669904242543, "max_velocity": 0.731103487527963}, "genome": {"brain": {"nodes": [], "links": [[0, 0, 8, 0.34115853905677795], [1, 0, 9, -0.5344356298446655], [2, 0, 10, -0.20603469014167786], [3, 1, 9, -0.6458973288536072], [4, 1, 10, -1.0027512311935425], [5, 2, 9, 0.8131399154663086], [7, 3, 10, -0.33319783210754395], [8, 6, 9, 0.7911162376403809], [9, 7, 9, -0.9024195075035095]], "NID": 0, "LID": 11, "_id": 414, "_parents": [99]}, "vision": {"w": 2, "h": 2}}}