{"id": 622, "parents": [163], "fitnesses": {"closeness": 86.6520894767296}, "descriptors": {"distance": 3.370867682975839, "max_velocity": 0.7938236441063988}, "genome": {"brain": {"nodes": [], "links": [[0, 0, 8, 0.3423128128051758], [1, 0, 9, -0.5344356298446655], [2, 0, 10, -0.20603469014167786], [3, 1, 9, -0.6458973288536072], [7, 3, 10, -0.33319783210754395], [8, 6, 9, 0.7911162376403809], [9, 7, 9, -0.9024195075035095], [10, 7, 10, -0.9283490180969238]], "NID": 0, "LID": 11, "_id": 622, "_parents": [163]}, "vision": {"w": 2, "h": 2}}}