{"id": 232, "parents": [193], "fitnesses": {"closeness": 86.15340433806642}, "descriptors": {"distance": 3.2688691908731466, "max_velocity": 0.8415244058320269}, "genome": {"brain": {"nodes": [], "links": [[0, 0, 8, 0.33501628041267395], [1, 0, 9, -0.5479737520217896], [2, 0, 10, -0.20603469014167786], [3, 1, 9, -0.6458973288536072], [7, 3, 10, -0.33319783210754395], [8, 6, 9, 0.7911162376403809], [9, 7, 9, -0.9024195075035095], [10, 7, 10, -0.9242071509361267]], "NID": 0, "LID": 11, "_id": 232, "_parents": [193]}, "vision": {"w": 2, "h": 2}}}