{"id": 3513, "parents": [3418], "fitnesses": {"closeness": 88.1922286927033}, "descriptors": {"distance": 3.495847049974232, "max_velocity": 0.8343420927283426}, "genome": {"brain": {"nodes": [], "links": [[0, 0, 8, 0.3583120107650757], [1, 0, 9, -0.5344356298446655], [3, 1, 9, -0.6458973288536072], [5, 2, 9, 0.8131399154663086], [7, 3, 10, -0.33319783210754395], [8, 6, 9, 0.7911162376403809], [9, 7, 9, -0.9024195075035095], [10, 7, 10, -0.9225931763648987], [11, 6, 10, -0.9588925838470459]], "NID": 0, "LID": 12, "_id": 3513, "_parents": [3418]}, "vision": {"w": 2, "h": 2}}}