{"id": 9124, "parents": [3322], "fitnesses": {"closeness": 62.098052807775055}, "descriptors": {"distance": 3.250767021759152, "max_velocity": 0.824054760219268}, "genome": {"brain": {"nodes": [], "links": [[0, 0, 8, 0.3378775119781494], [1, 0, 9, -0.5344356298446655], [3, 1, 9, -0.6458973288536072], [5, 2, 9, 0.8131399154663086], [7, 3, 10, -0.33319783210754395], [8, 6, 9, 0.7911162376403809], [9, 7, 9, -0.9024195075035095], [10, 7, 10, -0.9305272102355957], [11, 6, 10, -0.982624351978302]], "NID": 0, "LID": 12, "_id": 9124, "_parents": [3322]}, "vision": {"w": 2, "h": 2}}}