{"id": 7818, "parents": [3849], "fitnesses": {"closeness": 63.587450311209565}, "descriptors": {"distance": 2.6419936590057542, "max_velocity": 0.8062877330971093}, "genome": {"brain": {"nodes": [], "links": [[0, 0, 8, 0.3641928732395172], [1, 0, 9, -0.5344356298446655], [3, 1, 9, -0.6458973288536072], [5, 2, 9, 0.8131399154663086], [7, 3, 10, -0.33319783210754395], [8, 6, 9, 0.7911162376403809], [9, 7, 9, -0.9024195075035095], [10, 7, 10, -0.9217254519462585], [11, 6, 10, -0.9633971452713013]], "NID": 0, "LID": 12, "_id": 7818, "_parents": [3849]}, "vision": {"w": 2, "h": 2}}}