{"id": 8772, "parents": [7818], "fitnesses": {"closeness": 69.08505973779135}, "descriptors": {"distance": 2.612354505653879, "max_velocity": 0.845216967320433}, "genome": {"brain": {"nodes": [], "links": [[0, 0, 8, 0.3641928732395172], [1, 0, 9, -0.5344356298446655], [3, 1, 9, -0.6458973288536072], [5, 2, 9, 0.8131399154663086], [7, 3, 10, -0.33319783210754395], [8, 6, 9, 0.7911162376403809], [9, 7, 9, -0.9024195075035095], [10, 7, 10, -0.9217254519462585], [11, 6, 10, -0.9633971452713013], [12, 2, 8, 0.25002607703208923]], "NID": 0, "LID": 13, "_id": 8772, "_parents": [7818]}, "vision": {"w": 2, "h": 2}}}