{"id": 3849, "parents": [2684], "fitnesses": {"closeness": 74.29671979593789}, "descriptors": {"distance": 3.8941085389310333, "max_velocity": 0.7610435569275495}, "genome": {"brain": {"nodes": [], "links": [[0, 0, 8, 0.37067878246307373], [1, 0, 9, -0.5344356298446655], [3, 1, 9, -0.6458973288536072], [5, 2, 9, 0.8131399154663086], [7, 3, 10, -0.33319783210754395], [8, 6, 9, 0.7911162376403809], [9, 7, 9, -0.9024195075035095], [10, 7, 10, -0.9217254519462585], [11, 6, 10, -0.9633971452713013]], "NID": 0, "LID": 12, "_id": 3849, "_parents": [2684]}, "vision": {"w": 2, "h": 2}}}