id,parents,fitnesses,descriptors,genome
0,[],15.514705882352942,"{'distance': 4.342756416175126e-05, 'white_gazing': 0.15490811902650556}","{'nodes': [], 'links': [(0, 0, 8, -0.09014599025249481), (1, 1, 9, 0.6000409126281738), (2, 2, 8, -0.08810823410749435), (3, 2, 9, 0.8835349082946777), (4, 3, 8, -0.38118815422058105), (5, 3, 10, -0.6430784463882446), (6, 4, 8, -0.30933406949043274), (7, 5, 8, 0.9122012853622437), (8, 6, 9, 0.29708582162857056), (9, 6, 10, -0.9887098073959351), (10, 7, 8, 0.5470014214515686), (11, 7, 10, 0.682349443435669)], 'NID': 0, 'LID': 12, '_id': 0, '_parents': []}"
5,[0],15.514705882352942,"{'distance': 5.906989786841642e-16, 'white_gazing': 0.15514705882352972}","{'nodes': [], 'links': [(0, 0, 8, -0.09014599025249481), (1, 1, 9, 0.6000409126281738), (2, 2, 8, -0.08810823410749435), (3, 2, 9, 0.8835349082946777), (4, 3, 8, -0.38118815422058105), (5, 3, 10, -0.6430784463882446), (6, 4, 8, -0.30933406949043274), (7, 5, 8, 0.9122012853622437), (8, 6, 9, 0.29708582162857056), (9, 6, 10, -0.9887098073959351), (10, 7, 8, 0.5470014214515686)], 'NID': 0, 'LID': 12, '_id': 5, '_parents': [0]}"
