{"id": 462, "parents": [189], "fitnesses": {"brightness": 100.0}, "descriptors": {"distance": 3.3796558720917527, "white_gazing": 1}, "genome": {"brain": {"nodes": [], "links": [[0, 0, 8, 0.34549134969711304], [1, 0, 9, -0.5344356298446655], [2, 0, 10, -0.20603469014167786], [3, 1, 9, -0.6458973288536072], [5, 2, 9, 0.8131399154663086], [7, 3, 10, -0.33319783210754395], [8, 6, 9, 0.7911162376403809], [9, 7, 9, -0.9024195075035095], [10, 7, 10, -0.9283490180969238], [11, 2, 10, 0.7298183441162109]], "NID": 0, "LID": 12, "_id": 462, "_parents": [189]}, "vision": {"w": 2, "h": 2}}}