{"id": 2404, "parents": [1749], "fitnesses": {"brightness": 100.0}, "descriptors": {"distance": 3.4387341753110787, "white_gazing": 0}, "genome": {"brain": {"nodes": [], "links": [[0, 0, 8, 0.372359961271286], [1, 0, 9, -0.5344356298446655], [2, 0, 10, -0.20872491598129272], [3, 1, 9, -0.6458973288536072], [5, 2, 9, 0.8131399154663086], [7, 3, 10, -0.33319783210754395], [8, 6, 9, 0.7911162376403809], [9, 7, 9, -0.9024195075035095], [10, 7, 10, -0.9218574166297913], [11, 2, 10, 0.7176966071128845]], "NID": 0, "LID": 12, "_id": 2404, "_parents": [1749]}, "vision": {"w": 2, "h": 2}}}