{"id": 2546, "parents": [1776], "fitnesses": {"brightness": 100.0}, "descriptors": {"distance": 3.7950221835473124, "white_gazing": 0}, "genome": {"brain": {"nodes": [], "links": [[0, 0, 8, 0.3522626459598541], [1, 0, 9, -0.5344356298446655], [2, 0, 10, -0.189177468419075], [3, 1, 9, -0.6458973288536072], [5, 2, 9, 0.8131399154663086], [7, 3, 10, -0.33319783210754395], [8, 6, 9, 0.7911162376403809], [9, 7, 9, -0.9024195075035095], [10, 7, 10, -0.9283490180969238], [11, 2, 10, 0.6982801556587219], [12, 6, 10, -0.420186847448349]], "NID": 0, "LID": 13, "_id": 2546, "_parents": [1776]}, "vision": {"w": 2, "h": 2}}}