{"id": 3364, "parents": [3168], "fitnesses": {"brightness": 95.81699346405229}, "descriptors": {"distance": 3.375429586216252, "white_gazing": 0.5}, "genome": {"brain": {"nodes": [], "links": [[0, 0, 8, 0.34911519289016724], [1, 0, 9, -0.5344356298446655], [2, 0, 10, -0.20603469014167786], [3, 1, 9, -0.6458973288536072], [5, 2, 9, 0.8131399154663086], [7, 3, 10, -0.33319783210754395], [8, 6, 9, 0.7911162376403809], [9, 7, 9, -0.9024195075035095], [10, 7, 10, -0.9283490180969238], [11, 2, 10, 0.7127834558486938]], "NID": 0, "LID": 12, "_id": 3364, "_parents": [3168]}, "vision": {"w": 2, "h": 2}}}