{"id": 4983, "parents": [292], "fitnesses": {"brightness": 100.0}, "descriptors": {"distance": 3.1837250925886305, "white_gazing": 0.25}, "genome": {"brain": {"nodes": [], "links": [[0, 0, 8, 0.35511431097984314], [1, 0, 9, -0.5344356298446655], [2, 0, 10, -0.20951548218727112], [3, 1, 9, -0.6458973288536072], [5, 2, 9, 0.8131399154663086], [7, 3, 10, -0.33319783210754395], [8, 6, 9, 0.7911162376403809], [9, 7, 9, -0.9024195075035095], [10, 7, 10, -0.9283490180969238], [11, 2, 10, 0.7176966071128845]], "NID": 0, "LID": 12, "_id": 4983, "_parents": [292]}, "vision": {"w": 2, "h": 2}}}