id,parents,fitnesses,descriptors,genome
184,[8],17.247957516339866,"{'edges': 37.333333333333336, 'z_peaks_avg': 0.0987023102379866}","{'nodes': [], 'links': [(0, 0, 8, -0.38040030002593994), (1, 1, 8, 0.22436535358428955), (2, 2, 8, -0.18453167378902435), (3, 2, 9, -0.5355590581893921), (5, 3, 9, -0.2789102792739868), (6, 4, 9, -0.4911571741104126), (7, 4, 10, 0.41201987862586975), (8, 5, 10, -0.8468490242958069), (9, 6, 8, 0.5905471444129944), (10, 7, 8, -0.9063736200332642), (11, 7, 9, 0.6078546643257141)], 'NID': 0, 'LID': 12, '_id': 184, '_parents': [8]}"
