id,parents,fitnesses,descriptors,genome
153,[9],18.676470588235293,"{'edges': 15.0, 'z_peaks_avg': 0.04}","{'nodes': [], 'links': [(0, 0, 8, -0.7955196499824524), (1, 1, 10, -0.310291588306427), (2, 2, 8, -0.06371709704399109), (3, 2, 9, 0.32492727041244507), (4, 3, 8, 0.7750325798988342), (5, 3, 10, 0.6746459603309631), (6, 4, 8, 0.9699837565422058), (7, 4, 10, 1.002266764640808), (8, 5, 8, -0.23719194531440735), (9, 5, 9, -0.14724062383174896), (10, 6, 10, 0.046953968703746796), (11, 7, 8, -0.7173007726669312)], 'NID': 0, 'LID': 12, '_id': 153, '_parents': [9]}"
