{"id": 177, "parents": [158], "fitnesses": {"closeness": 90.17767357476178}, "descriptors": {"speed": 10.85657574756242, "dir_changes": 1.5}, "genome": {"brain": {"nodes": [], "links": [[0, 0, 9, -0.8184727430343628], [1, 0, 10, 0.3103002905845642], [2, 1, 10, 0.4416286051273346], [3, 2, 10, 0.9377269744873047], [4, 3, 8, 0.12506350874900818], [5, 4, 10, 0.9316892027854919], [6, 5, 8, -0.1529272049665451], [7, 5, 9, 0.4359135031700134], [8, 5, 10, -0.6043839454650879], [9, 6, 8, 0.24146130681037903], [10, 7, 8, -0.6056492328643799], [11, 7, 10, -0.9499979019165039], [12, 6, 9, -0.5120298862457275]], "NID": 0, "LID": 13, "_id": 177, "_parents": [158]}, "vision": {"w": 2, "h": 2}}}