id,parents,fitnesses,descriptors,genome
192,[75],17.101307189542485,"{'complexity': 32.0, 'max_density_z_coord': 0.07896963128155096}","{'nodes': [], 'links': [(0, 0, 8, -0.24391035735607147), (2, 4, 9, 0.11977116018533707), (3, 5, 9, 0.6216022968292236), (4, 5, 10, -0.6301015615463257), (5, 6, 10, 0.17844657599925995), (6, 7, 8, -0.3747677206993103), (7, 7, 9, -0.4190926253795624), (8, 7, 10, 0.39249810576438904), (9, 5, 8, -0.7160981297492981)], 'NID': 0, 'LID': 10, '_id': 192, '_parents': [75]}"
