id,parents,fitnesses,descriptors,genome
63,[24],18.745098039215687,"{'complexity': 21.333333333333332, 'max_density_z_coord': 0.04}","{'nodes': [(11, 'bsgm')], 'links': [(0, 0, 10, -0.19993804395198822), (1, 1, 8, 0.7053571343421936), (3, 4, 8, 0.9314783215522766), (4, 4, 10, -0.12034103274345398), (5, 5, 8, 0.6448972225189209), (6, 5, 9, -0.36745813488960266), (7, 6, 9, 0.09151864796876907), (8, 6, 10, 0.44465261697769165), (9, 7, 8, 0.3030582368373871), (10, 1, 11, 1.0), (11, 11, 10, 0.13260464370250702)], 'NID': 1, 'LID': 12, '_id': 63, '_parents': [24]}"
