id,parents,fitnesses,descriptors,genome
193,[138],17.288807189542485,"{'complexity': 38.0, 'max_density_z_coord': 0.057580395622637184}","{'nodes': [], 'links': [(0, 0, 8, 0.3337019085884094), (1, 0, 9, -0.9663693904876709), (2, 1, 8, 0.05605264753103256), (3, 2, 8, -0.5547571778297424), (4, 2, 10, -0.7819202542304993), (6, 3, 9, 0.9667708873748779), (7, 4, 8, 0.39990362524986267), (8, 4, 9, 0.5174339413642883), (9, 4, 10, -0.008715554140508175), (10, 5, 8, -0.23467250168323517), (11, 5, 10, 0.8955546617507935), (12, 6, 9, 0.7475774884223938), (13, 6, 10, 0.6989402174949646), (14, 7, 8, -0.2014339566230774)], 'NID': 0, 'LID': 15, '_id': 193, '_parents': [138]}"
