id,parents,fitnesses,descriptors,genome
163,[79],19.524101307189543,"{'complexity': 53.333333333333336, 'max_density_z_coord': 0.09301327929411637}","{'nodes': [], 'links': [(0, 0, 10, -0.8761135935783386), (1, 1, 8, -0.39758989214897156), (2, 1, 9, -0.5204066038131714), (3, 2, 9, 0.7758034467697144), (4, 3, 9, -0.8835614323616028), (5, 4, 8, -0.8908283114433289), (6, 4, 9, 0.391960084438324), (8, 7, 8, -0.08862069249153137), (12, 1, 10, 0.8728336095809937), (13, 7, 10, 0.632755696773529)], 'NID': 1, 'LID': 14, '_id': 163, '_parents': [79]}"
