id,parents,fitnesses,descriptors,genome
56,[8],16.5718954248366,"{'complexity': 40.0, 'max_density_z_coord': 0.09755511818701705}","{'nodes': [], 'links': [(0, 0, 8, -0.38040030002593994), (1, 1, 8, 0.22691106796264648), (2, 2, 8, -0.18453167378902435), (3, 2, 9, -0.5355590581893921), (5, 3, 9, -0.2789102792739868), (6, 4, 9, -0.4911571741104126), (7, 4, 10, 0.41201987862586975), (8, 5, 10, -0.8468490242958069), (9, 6, 8, 0.5905471444129944), (10, 7, 8, -0.9063736200332642), (11, 7, 9, 0.6078546643257141), (12, 5, 9, 0.3555683195590973)], 'NID': 0, 'LID': 13, '_id': 56, '_parents': [8]}"
175,[8],16.985702614379086,"{'complexity': 37.333333333333336, 'max_density_z_coord': 0.10620496556429597}","{'nodes': [], 'links': [(0, 0, 8, -0.38040030002593994), (1, 1, 8, 0.22691106796264648), (2, 2, 8, -0.18453167378902435), (3, 2, 9, -0.5355590581893921), (5, 3, 9, -0.2789102792739868), (6, 4, 9, -0.4911571741104126), (7, 4, 10, 0.41201987862586975), (8, 5, 10, -0.8468490242958069), (9, 6, 8, 0.5905471444129944), (10, 7, 8, -0.9101988673210144), (11, 7, 9, 0.6078546643257141)], 'NID': 0, 'LID': 12, '_id': 175, '_parents': [8]}"
