id,parents,fitnesses,descriptors,genome
92,[52],19.119689542483655,"{'complexity': 32.0, 'max_density_z_coord': 0.09731416734311199}","{'nodes': [(11, 'bsgm')], 'links': [(0, 0, 9, -0.4469068646430969), (1, 1, 8, 0.7770960330963135), (2, 1, 9, 0.015114206820726395), (4, 2, 8, 0.295653760433197), (7, 3, 8, 0.03996661677956581), (8, 3, 10, 0.3946407735347748), (9, 4, 8, -0.13949579000473022), (10, 4, 9, -0.4120749235153198), (12, 5, 10, 0.6788299679756165), (13, 6, 10, -0.2925219237804413), (14, 7, 8, -0.12164974957704544), (15, 7, 9, 0.5403348207473755), (16, 7, 10, -0.4968208372592926), (17, 4, 11, 1.0), (18, 11, 10, -0.25853201746940613)], 'NID': 1, 'LID': 19, '_id': 92, '_parents': [52]}"
