id,parents,fitnesses,descriptors,genome
133,[86],16.38562091503268,"{'complexity': 100.0, 'max_density_z_coord': 0.06347360235328861}","{'nodes': [], 'links': [(0, 0, 9, 0.4674229323863983), (1, 1, 8, -0.9299451112747192), (2, 1, 9, 0.007796584162861109), (3, 2, 8, 0.24439869821071625), (4, 2, 9, -0.043841343373060226), (5, 3, 8, -0.9049696326255798), (6, 4, 9, 0.050665147602558136), (7, 5, 10, 0.15668253600597382), (8, 6, 8, 0.9730324745178223), (9, 6, 9, -0.5545083284378052), (10, 7, 8, -0.39469531178474426), (11, 7, 9, 0.7632887363433838), (12, 0, 8, -0.8813091516494751)], 'NID': 0, 'LID': 13, '_id': 133, '_parents': [86]}"
169,[86],18.044117647058822,"{'complexity': 87.66666666666667, 'max_density_z_coord': 0.04}","{'nodes': [], 'links': [(0, 0, 9, 0.4674229323863983), (1, 1, 8, -0.9373667240142822), (2, 1, 9, 0.007796584162861109), (3, 2, 8, 0.24439869821071625), (4, 2, 9, -0.043841343373060226), (5, 3, 8, -0.9049696326255798), (6, 4, 9, 0.050665147602558136), (7, 5, 10, 0.15668253600597382), (8, 6, 8, 0.9730324745178223), (9, 6, 9, -0.5545083284378052), (10, 7, 8, -0.39469531178474426), (11, 7, 9, 0.7632887363433838)], 'NID': 0, 'LID': 12, '_id': 169, '_parents': [86]}"
179,[86],18.044117647058822,"{'complexity': 88.33333333333333, 'max_density_z_coord': 0.04}","{'nodes': [], 'links': [(0, 0, 9, 0.4674229323863983), (1, 1, 8, -0.9299451112747192), (2, 1, 9, 0.007796584162861109), (3, 2, 8, 0.24439869821071625), (4, 2, 9, -0.043841343373060226), (5, 3, 8, -0.9049696326255798), (6, 4, 9, 0.050665147602558136), (7, 5, 10, 0.15668253600597382), (8, 6, 8, 0.9730324745178223), (9, 6, 9, -0.5545083284378052), (10, 7, 8, -0.39469531178474426), (11, 7, 9, 0.7632887363433838), (12, 2, 10, -0.5280319452285767)], 'NID': 0, 'LID': 13, '_id': 179, '_parents': [86]}"
