id,parents,fitnesses,descriptors,genome
49,[15],20.166666666666664,"{'complexity': 32.0, 'max_density_z_coord': 0.06383260107740864}","{'nodes': [], 'links': [(0, 0, 8, 0.3433269262313843), (1, 0, 10, 0.18634559214115143), (2, 1, 9, -0.4631156325340271), (3, 1, 10, -0.7045097947120667), (4, 3, 9, -0.7916410565376282), (7, 4, 10, -0.45278897881507874), (8, 5, 8, 0.9277385473251343), (9, 6, 8, 0.8954129219055176), (10, 7, 10, 0.5268768668174744), (11, 2, 10, -0.5243479013442993), (12, 6, 9, -0.5119948983192444)], 'NID': 0, 'LID': 13, '_id': 49, '_parents': [15]}"
