id,parents,fitnesses,descriptors,genome
99,[58],18.91625816993464,"{'complexity': 23.333333333333332, 'max_density_z_coord': 0.09678531394250277}","{'nodes': [(11, 'step')], 'links': [(0, 0, 10, -0.6228938698768616), (1, 1, 10, -0.5163391828536987), (2, 2, 8, 0.5255500078201294), (3, 3, 8, -0.7611649036407471), (4, 3, 10, 0.354776531457901), (5, 4, 9, 0.2195587158203125), (6, 5, 8, 0.15381202101707458), (7, 5, 9, -0.6101261377334595), (8, 6, 8, 0.46513256430625916), (11, 7, 11, 1.0), (12, 11, 10, -0.9099400043487549)], 'NID': 1, 'LID': 13, '_id': 99, '_parents': [58]}"
178,[158],20.236928104575163,"{'complexity': 23.333333333333332, 'max_density_z_coord': 0.08983536975460887}","{'nodes': [(11, 'bsgm')], 'links': [(0, 0, 10, -0.6228938698768616), (1, 1, 10, -0.5163391828536987), (2, 2, 8, 0.5255500078201294), (3, 3, 8, -0.7611649036407471), (4, 3, 10, 0.354776531457901), (5, 4, 9, 0.2195587158203125), (6, 5, 8, 0.15381202101707458), (7, 5, 9, -0.6101261377334595), (8, 6, 8, 0.45815762877464294), (9, 6, 10, 0.35117337107658386), (11, 7, 11, 1.0), (12, 11, 10, -0.9099400043487549)], 'NID': 1, 'LID': 13, '_id': 178, '_parents': [158]}"
