{"id": 522, "parents": [421], "fitnesses": {"closeness": 82.77819061232124}, "descriptors": {"distance": 3.1549195692839707, "white_gazing": 0.9195979899497487}, "genome": {"brain": {"nodes": [], "links": [[0, 0, 8, 0.3490120470523834], [1, 0, 9, -0.5344356298446655], [2, 0, 10, -0.2230452299118042], [3, 1, 9, -0.6458973288536072], [4, 1, 10, -0.9740521311759949], [7, 3, 10, -0.33319783210754395], [9, 7, 9, -0.9024195075035095], [10, 7, 10, -0.9465779662132263]], "NID": 0, "LID": 11, "_id": 522, "_parents": [421]}, "vision": {"w": 3, "h": 2}}}