{"id": 523, "parents": [463], "fitnesses": {"closeness": 96.75946338088896}, "descriptors": {"distance": 3.472951759915454, "white_gazing": 0.632768361581921}, "genome": {"brain": {"nodes": [], "links": [[0, 0, 8, 0.33501628041267395], [1, 0, 9, -0.5344356298446655], [3, 1, 9, -0.6458973288536072], [4, 1, 10, -0.9883423447608948], [5, 2, 9, 0.8131399154663086], [7, 3, 10, -0.33319783210754395], [8, 6, 9, 0.7911162376403809], [9, 7, 9, -0.9024195075035095], [10, 7, 10, -0.9442201256752014], [13, 0, 10, -0.20603469014167786], [14, 2, 8, 0.32420220971107483]], "NID": 1, "LID": 15, "_id": 523, "_parents": [463]}, "vision": {"w": 3, "h": 2}}}