{"id": 978, "parents": [714], "fitnesses": {"closeness": 94.32972059984633}, "descriptors": {"distance": 3.4396560505781277, "white_gazing": 0.5722222222222223}, "genome": {"brain": {"nodes": [], "links": [[0, 0, 8, 0.33501628041267395], [1, 0, 9, -0.5344356298446655], [3, 1, 9, -0.6458973288536072], [4, 1, 10, -0.9767594933509827], [5, 2, 9, 0.8131399154663086], [7, 3, 10, -0.33319783210754395], [8, 6, 9, 0.7911162376403809], [9, 7, 9, -0.9024195075035095], [10, 7, 10, -0.9442201256752014], [14, 2, 8, 0.32226377725601196]], "NID": 1, "LID": 15, "_id": 978, "_parents": [714]}, "vision": {"w": 3, "h": 2}}}