{"id": 756, "parents": [731], "fitnesses": {"closeness": 81.1921790541538}, "descriptors": {"distance": 4.053666622906551, "white_gazing": 0.542713567839196}, "genome": {"brain": {"nodes": [[11, "gaus"]], "links": [[0, 0, 8, 0.33087894320487976], [1, 0, 9, -0.5344356298446655], [3, 1, 9, -0.6458973288536072], [5, 2, 9, 0.8131399154663086], [7, 3, 10, -0.33319783210754395], [8, 6, 9, 0.7911162376403809], [9, 7, 9, -0.9024195075035095], [10, 7, 10, -0.9283490180969238], [11, 0, 11, 1.0], [12, 11, 10, -0.20603469014167786]], "NID": 1, "LID": 13, "_id": 756, "_parents": [731]}, "vision": {"w": 3, "h": 2}}}