{"id": 408, "parents": [397], "fitnesses": {"closeness": 99.68504994478168}, "descriptors": {"distance": 3.4558089623455794, "white_gazing": 0.4713375796178344}, "genome": {"brain": {"nodes": [], "links": [[0, 0, 8, 0.33501628041267395], [1, 0, 9, -0.5344356298446655], [3, 1, 9, -0.6458973288536072], [5, 2, 9, 0.8131399154663086], [7, 3, 10, -0.33319783210754395], [8, 6, 9, 0.7911162376403809], [9, 7, 9, -0.9024195075035095], [10, 7, 10, -0.9283490180969238], [13, 0, 10, -0.20603469014167786]], "NID": 1, "LID": 14, "_id": 408, "_parents": [397]}, "vision": {"w": 3, "h": 2}}}