{"id": 575, "parents": [549], "fitnesses": {"closeness": 92.81937302677923}, "descriptors": {"distance": 3.6576702523689324, "white_gazing": 0.5527638190954774}, "genome": {"brain": {"nodes": [], "links": [[0, 0, 8, 0.33501628041267395], [1, 0, 9, -0.5344356298446655], [3, 1, 9, -0.6458973288536072], [5, 2, 9, 0.8131399154663086], [7, 3, 10, -0.33319783210754395], [8, 6, 9, 0.7911162376403809], [9, 7, 9, -0.9024195075035095], [10, 7, 10, -0.9285105466842651], [13, 0, 10, -0.20603469014167786]], "NID": 1, "LID": 14, "_id": 575, "_parents": [549]}, "vision": {"w": 3, "h": 2}}}