{"id": 554, "parents": [494], "fitnesses": {"brightness": 100.0}, "descriptors": {"distance": 3.4388023319472993, "white_gazing": 1}, "genome": {"brain": {"nodes": [], "links": [[0, 0, 8, 0.323743999004364], [1, 0, 9, -0.5344356298446655], [2, 0, 10, -0.21206454932689667], [3, 1, 9, -0.6458973288536072], [5, 2, 9, 0.8131399154663086], [7, 3, 10, -0.33319783210754395], [8, 6, 9, 0.7911162376403809], [9, 7, 9, -0.9024195075035095], [10, 7, 10, -0.9329648017883301]], "NID": 0, "LID": 11, "_id": 554, "_parents": [494]}, "vision": {"w": 2, "h": 2}}}