{"id": 595, "parents": [579], "fitnesses": {"brightness": 100.0}, "descriptors": {"distance": 3.456826284613788, "white_gazing": 0.25}, "genome": {"brain": {"nodes": [], "links": [[0, 0, 8, 0.31906697154045105], [1, 0, 9, -0.5344356298446655], [2, 0, 10, -0.20096278190612793], [3, 1, 9, -0.6458973288536072], [4, 1, 10, -1.0036849975585938], [5, 2, 9, 0.8131399154663086], [7, 3, 10, -0.33319783210754395], [8, 6, 9, 0.7911162376403809], [9, 7, 9, -0.9024195075035095]], "NID": 0, "LID": 11, "_id": 595, "_parents": [579]}, "vision": {"w": 2, "h": 2}}}