{"id": 761, "parents": [667], "fitnesses": {"brightness": 100.0}, "descriptors": {"distance": 3.634320081695622, "white_gazing": 1}, "genome": {"brain": {"nodes": [], "links": [[0, 0, 8, 0.29819878935813904], [1, 0, 9, -0.5344356298446655], [2, 0, 10, -0.20096278190612793], [3, 1, 9, -0.6458973288536072], [4, 1, 10, -1.0036849975585938], [5, 2, 9, 0.8131399154663086], [7, 3, 10, -0.33319783210754395], [8, 6, 9, 0.7911162376403809], [9, 7, 9, -0.9024195075035095]], "NID": 0, "LID": 11, "_id": 761, "_parents": [667]}, "vision": {"w": 2, "h": 2}}}