{"id": 902, "parents": [667], "fitnesses": {"brightness": 100.0}, "descriptors": {"distance": 3.608677039220803, "white_gazing": 0}, "genome": {"brain": {"nodes": [[11, "bsgm"]], "links": [[0, 0, 8, 0.31894564628601074], [1, 0, 9, -0.5344356298446655], [3, 1, 9, -0.6458973288536072], [4, 1, 10, -1.0036849975585938], [5, 2, 9, 0.8131399154663086], [7, 3, 10, -0.33319783210754395], [8, 6, 9, 0.7911162376403809], [9, 7, 9, -0.9024195075035095], [11, 0, 11, 1.0], [12, 11, 10, -0.20096278190612793]], "NID": 1, "LID": 13, "_id": 902, "_parents": [667]}, "vision": {"w": 2, "h": 2}}}