{"id": 755, "parents": [693], "fitnesses": {"brightness": 100.0}, "descriptors": {"distance": 3.4686995978506405, "white_gazing": 0}, "genome": {"brain": {"nodes": [], "links": [[0, 0, 8, 0.31894564628601074], [1, 0, 9, -0.5344356298446655], [3, 1, 9, -0.6458973288536072], [4, 1, 10, -1.0036849975585938], [5, 2, 9, 0.8131399154663086], [7, 3, 10, -0.33319783210754395], [8, 6, 9, 0.7911162376403809], [9, 7, 9, -0.9024195075035095]], "NID": 0, "LID": 11, "_id": 755, "_parents": [693]}, "vision": {"w": 2, "h": 2}}}