{"id": 802, "parents": [597], "fitnesses": {"brightness": 100.0}, "descriptors": {"distance": 3.475842883881839, "white_gazing": 0.75}, "genome": {"brain": {"nodes": [], "links": [[0, 0, 8, 0.3125643730163574], [1, 0, 9, -0.5344356298446655], [2, 0, 10, -0.21206454932689667], [3, 1, 9, -0.6458973288536072], [4, 1, 10, -1.0160949230194092], [5, 2, 9, 0.8131399154663086], [7, 3, 10, -0.33319783210754395], [8, 6, 9, 0.7911162376403809], [9, 7, 9, -0.9024195075035095]], "NID": 0, "LID": 11, "_id": 802, "_parents": [597]}, "vision": {"w": 2, "h": 2}}}