{"id": 474, "parents": [401], "fitnesses": {"closeness": 77.40227785668145}, "descriptors": {"max_velocity": 0.7013053894488527, "dir_changes": 23.694337548103352}, "genome": {"brain": {"nodes": [[11, "gaus"], [12, "sin"]], "links": [[0, 0, 8, 0.33501628041267395], [1, 0, 9, -0.5344356298446655], [3, 1, 9, -0.6458973288536072], [4, 1, 10, -0.9797156453132629], [5, 2, 9, 0.8131399154663086], [7, 3, 10, -0.33319783210754395], [8, 6, 9, 0.7911162376403809], [9, 7, 9, -0.9024195075035095], [10, 7, 10, -0.9283490180969238], [12, 11, 8, -0.8228023648262024], [13, 3, 12, 1.0], [14, 12, 11, 1.0], [15, 2, 8, 0.9338418841362]], "NID": 2, "LID": 16, "_id": 474, "_parents": [401]}, "vision": {"w": 2, "h": 2}}}