{"id": 493, "parents": [333], "fitnesses": {"closeness": 91.1369910649851}, "descriptors": {"max_velocity": 0.748492529669917, "dir_changes": 14.183617372182516}, "genome": {"brain": {"nodes": [[11, "gaus"], [12, "step"]], "links": [[0, 0, 8, 0.33501628041267395], [1, 0, 9, -0.5344356298446655], [3, 1, 9, -0.6458973288536072], [4, 1, 10, -0.9756540060043335], [5, 2, 9, 0.8131399154663086], [7, 3, 10, -0.33319783210754395], [8, 6, 9, 0.7911162376403809], [9, 7, 9, -0.9024195075035095], [12, 11, 8, -0.8324809074401855], [13, 3, 12, 1.0], [14, 12, 11, 1.0], [15, 2, 8, 0.9338418841362], [16, 7, 11, 0.68338543176651]], "NID": 2, "LID": 17, "_id": 493, "_parents": [333]}, "vision": {"w": 2, "h": 2}}}