{"id": 243, "parents": [194], "fitnesses": {"closeness": 64.96438042968302}, "descriptors": {"speed": 10.337420558636452, "distance": 2.8385921345629166}, "genome": {"brain": {"nodes": [], "links": [[0, 0, 8, 0.3378775119781494], [1, 0, 9, -0.5344356298446655], [2, 0, 10, -0.20603469014167786], [3, 1, 9, -0.6458973288536072], [4, 1, 10, -1.0027512311935425], [5, 2, 9, 0.8131399154663086], [6, 3, 8, -0.8571075797080994], [7, 3, 10, -0.33319783210754395], [8, 6, 9, 0.7911162376403809], [9, 7, 9, -0.9024195075035095], [10, 7, 10, -0.9155040383338928], [11, 7, 8, -0.033340804278850555]], "NID": 0, "LID": 12, "_id": 243, "_parents": [194]}, "vision": {"w": 2, "h": 2}}}