{"id": 215, "parents": [94], "fitnesses": {"closeness": 81.27412705095057}, "descriptors": {"speed": 10.065801365815936, "distance": 3.067440973214869}, "genome": {"brain": {"nodes": [[11, "bsgm"]], "links": [[0, 0, 8, 0.3378775119781494], [1, 0, 9, -0.5344356298446655], [2, 0, 10, -0.20603469014167786], [3, 1, 9, -0.6458973288536072], [4, 1, 10, -0.994125247001648], [5, 2, 9, 0.8131399154663086], [7, 3, 10, -0.33319783210754395], [8, 6, 9, 0.7911162376403809], [9, 7, 9, -0.9024195075035095], [10, 7, 10, -0.9227274656295776], [11, 3, 11, 1.0], [12, 11, 8, -0.8571075797080994]], "NID": 1, "LID": 13, "_id": 215, "_parents": [94]}, "vision": {"w": 2, "h": 2}}}