{"id": 238, "parents": [55], "fitnesses": {"closeness": 83.62120887765889}, "descriptors": {"speed": 12.285740095230212, "distance": 3.1587157433596453}, "genome": {"brain": {"nodes": [], "links": [[0, 0, 8, 0.31763455271720886], [1, 0, 9, -0.5344356298446655], [2, 0, 10, -0.20603469014167786], [3, 1, 9, -0.6458973288536072], [4, 1, 10, -1.0027512311935425], [5, 2, 9, 0.8131399154663086], [6, 3, 8, -0.8571075797080994], [7, 3, 10, -0.33319783210754395], [8, 6, 9, 0.7911162376403809], [9, 7, 9, -0.9024195075035095], [10, 7, 10, -0.9341871738433838]], "NID": 0, "LID": 11, "_id": 238, "_parents": [55]}, "vision": {"w": 2, "h": 2}}}