{"id": 94, "parents": [78], "fitnesses": {"closeness": 71.7023971678488}, "descriptors": {"speed": 11.57441946692778, "distance": 2.699670728942949}, "genome": {"brain": {"nodes": [[11, "bsgm"]], "links": [[0, 0, 8, 0.3378775119781494], [1, 0, 9, -0.5344356298446655], [2, 0, 10, -0.20603469014167786], [3, 1, 9, -0.6458973288536072], [4, 1, 10, -0.994125247001648], [5, 2, 9, 0.8131399154663086], [7, 3, 10, -0.33319783210754395], [8, 6, 9, 0.7911162376403809], [9, 7, 9, -0.9024195075035095], [10, 7, 10, -0.9283490180969238], [11, 3, 11, 1.0], [12, 11, 8, -0.8571075797080994]], "NID": 1, "LID": 13, "_id": 94, "_parents": [78]}, "vision": {"w": 2, "h": 2}}}