{"id": 393, "parents": [222], "fitnesses": {"closeness": 58.529754897581306}, "descriptors": {"speed": 8.356414272882551, "distance": 2.210629316406981}, "genome": {"brain": {"nodes": [], "links": [[0, 0, 8, 0.33501628041267395], [1, 0, 9, -0.5344356298446655], [2, 0, 10, -0.22324389219284058], [3, 1, 9, -0.6458973288536072], [4, 1, 10, -1.00186288356781], [5, 2, 9, 0.8131399154663086], [6, 3, 8, -0.8571075797080994], [7, 3, 10, -0.33319783210754395], [8, 6, 9, 0.7911162376403809], [9, 7, 9, -0.9024195075035095], [10, 7, 10, -0.9151426553726196]], "NID": 0, "LID": 11, "_id": 393, "_parents": [222]}, "vision": {"w": 2, "h": 2}}}