{"id": 68, "parents": [59], "fitnesses": {"closeness": 49.41947869428689}, "descriptors": {"speed": 10.866270135169504, "distance": 1.8574055799471718}, "genome": {"brain": {"nodes": [[11, "gaus"]], "links": [[1, 0, 9, -0.5344356298446655], [2, 0, 10, -0.20603469014167786], [3, 1, 9, -0.6458973288536072], [4, 1, 10, -1.003503441810608], [5, 2, 9, 0.8131399154663086], [6, 3, 8, -0.8571075797080994], [7, 3, 10, -0.33319783210754395], [8, 6, 9, 0.7911162376403809], [10, 7, 10, -0.9283490180969238], [11, 7, 11, 1.0], [12, 11, 9, -0.9024195075035095]], "NID": 1, "LID": 13, "_id": 68, "_parents": [59]}, "vision": {"w": 2, "h": 2}}}