{"id": 100, "parents": [88], "fitnesses": {"closeness": 73.75064694897745}, "descriptors": {"covered_dist": 5.195343234594995, "max_velocity": 11.836601877701767}, "genome": {"brain": {"nodes": [], "links": [[0, 0, 8, 0.33501628041267395], [1, 0, 9, -0.5344356298446655], [2, 0, 10, -0.20603469014167786], [3, 1, 9, -0.6458973288536072], [4, 1, 10, -1.0027512311935425], [5, 2, 9, 0.8131399154663086], [6, 3, 8, -0.8501303195953369], [7, 3, 10, -0.33319783210754395], [8, 6, 9, 0.7911162376403809], [9, 7, 9, -0.9024195075035095], [10, 7, 10, -0.9427549242973328]], "NID": 0, "LID": 11, "_id": 100, "_parents": [88]}, "vision": {"w": 2, "h": 2}}}