{"id": 198, "parents": [157], "fitnesses": {"closeness": 69.48912756583789}, "descriptors": {"covered_dist": 4.6710797428722195, "max_velocity": 10.383733179588793}, "genome": {"brain": {"nodes": [[11, "bsgm"]], "links": [[2, 0, 10, -0.20603469014167786], [3, 1, 9, -0.6458973288536072], [4, 1, 10, -1.0027512311935425], [5, 2, 9, 0.8131399154663086], [6, 3, 8, -0.8571075797080994], [7, 3, 10, -0.33319783210754395], [8, 6, 9, 0.7911162376403809], [9, 7, 9, -0.9024195075035095], [10, 7, 10, -0.9283490180969238], [11, 0, 11, 1.0], [12, 11, 9, -0.5344356298446655]], "NID": 1, "LID": 13, "_id": 198, "_parents": [157]}, "vision": {"w": 2, "h": 2}}}