{"id": 296, "parents": [212], "fitnesses": {"closeness": 69.03267907710745}, "descriptors": {"covered_dist": 5.433455153379208, "max_velocity": 10.09880407885111}, "genome": {"brain": {"nodes": [], "links": [[0, 0, 8, 0.3384675085544586], [1, 0, 9, -0.5344356298446655], [2, 0, 10, -0.20603469014167786], [3, 1, 9, -0.6458973288536072], [4, 1, 10, -1.0027512311935425], [5, 2, 9, 0.8131399154663086], [6, 3, 8, -0.8571075797080994], [7, 3, 10, -0.33319783210754395], [8, 6, 9, 0.7911162376403809], [9, 7, 9, -0.9024195075035095], [10, 7, 10, -0.9283490180969238], [11, 6, 10, -0.22323490679264069]], "NID": 0, "LID": 12, "_id": 296, "_parents": [212]}, "vision": {"w": 2, "h": 2}}}