{"id": 65, "parents": [48], "fitnesses": {"closeness": 80.90527748941682}, "descriptors": {"covered_dist": 5.3752319854097905, "max_velocity": 12.191488285598863}, "genome": {"brain": {"nodes": [], "links": [[0, 0, 8, 0.33501628041267395], [1, 0, 9, -0.5344356298446655], [2, 0, 10, -0.20603469014167786], [3, 1, 9, -0.6458973288536072], [4, 1, 10, -1.0048918724060059], [5, 2, 9, 0.8131399154663086], [6, 3, 8, -0.8571075797080994], [7, 3, 10, -0.33319783210754395], [8, 6, 9, 0.7911162376403809], [9, 7, 9, -0.9024195075035095], [10, 7, 10, -0.9397414326667786]], "NID": 0, "LID": 11, "_id": 65, "_parents": [48]}, "vision": {"w": 2, "h": 2}}}