{"id": 576, "parents": [491], "fitnesses": {"closeness": 91.64712105759416}, "descriptors": {"distance": 3.705154721130251, "white_gazing": 0.24623115577889448}, "genome": {"brain": {"nodes": [], "links": [[0, 0, 9, -0.8184727430343628], [1, 0, 10, 0.3103002905845642], [2, 1, 10, 0.4294291138648987], [3, 2, 10, 0.9377269744873047], [4, 3, 8, 0.12535271048545837], [5, 4, 10, 0.9316892027854919], [6, 5, 8, -0.16256652772426605], [7, 5, 9, 0.4359135031700134], [8, 5, 10, -0.6043839454650879], [9, 6, 8, 0.24538211524486542], [10, 7, 8, -0.5898024439811707], [11, 7, 10, -0.9499979019165039], [12, 4, 9, 0.14777517318725586], [13, 6, 9, -0.4938267469406128]], "NID": 0, "LID": 14, "_id": 576, "_parents": [491]}, "vision": {"w": 2, "h": 2}}}