{"id": 228, "parents": [25], "fitnesses": {"closeness": 68.90582480730659}, "descriptors": {"distance": 2.591174738898971, "max_velocity": 0.9180691077164179}, "genome": {"brain": {"nodes": [], "links": [[0, 0, 8, 0.33226343989372253], [1, 0, 9, -0.5344356298446655], [2, 0, 10, -0.20603469014167786], [3, 1, 9, -0.6458973288536072], [4, 1, 10, -1.0027512311935425], [5, 2, 9, 0.8131399154663086], [6, 3, 8, -0.8571075797080994], [7, 3, 10, -0.33319783210754395], [8, 6, 9, 0.7911162376403809], [9, 7, 9, -0.9024195075035095], [10, 7, 10, -0.9245509505271912]], "NID": 0, "LID": 11, "_id": 228, "_parents": [25]}, "vision": {"w": 2, "h": 2}}}