{"id": 177, "parents": [155], "fitnesses": {"closeness": 77.28469778753063}, "descriptors": {"max_velocity": 0.8142091697095953, "dir_changes": 16.767454645409565}, "genome": {"brain": {"nodes": [], "links": [[0, 0, 8, 0.33501628041267395], [2, 0, 10, -0.20603469014167786], [6, 3, 8, -0.8571075797080994], [7, 3, 10, -0.33319783210754395], [8, 6, 9, 0.7911162376403809], [9, 7, 9, -0.9024195075035095], [10, 7, 10, -0.9283490180969238]], "NID": 0, "LID": 11, "_id": 177, "_parents": [155]}, "vision": {"w": 2, "h": 2}}}