{"id": 157, "parents": [71], "fitnesses": {"closeness": 62.89077765703297}, "descriptors": {"max_velocity": 0.668686452461495, "dir_changes": 10.445299615173171}, "genome": {"brain": {"nodes": [], "links": [[0, 0, 8, 0.33501628041267395], [1, 0, 9, -0.5344356298446655], [2, 0, 10, -0.20603469014167786], [3, 1, 9, -0.6458973288536072], [4, 1, 10, -1.0027512311935425], [7, 3, 10, -0.33319783210754395], [8, 6, 9, 0.7911162376403809], [9, 7, 9, -0.9024195075035095], [10, 7, 10, -0.9283490180969238]], "NID": 0, "LID": 11, "_id": 157, "_parents": [71]}, "vision": {"w": 2, "h": 2}}}